timestamp,location,sensor,value
2023-12-31T19:31:00.000Z,zone-a,light,518.4
2023-12-31T21:32:00.000Z,zone-d,temperature,20.1
2024-01-01T00:48:00.000Z,zone-c,light,581.5
2024-01-01T02:34:00.000Z,zone-b,pressure,1014.3
2024-01-01T06:04:00.000Z,zone-d,humidity,59.4
2024-01-01T06:21:00.000Z,zone-b,light,572
2024-01-01T06:54:00.000Z,zone-a,temperature,18.1
2024-01-01T07:15:00.000Z,zone-a,pressure,1014.3
2024-01-01T11:34:00.000Z,zone-a,humidity,39.5
2024-01-01T12:36:00.000Z,zone-b,humidity,40.9
2024-01-01T12:46:00.000Z,zone-d,light,523.1
2024-01-01T15:24:00.000Z,zone-d,pressure,1009
2024-01-01T16:29:00.000Z,zone-c,humidity,38.2
2024-01-01T16:37:00.000Z,zone-b,temperature,23.9
2024-01-01T16:47:00.000Z,zone-c,pressure,1019.6
2024-01-01T17:21:00.000Z,zone-c,temperature,34.2
2024-01-01T19:28:00.000Z,zone-d,temperature,22.7
2024-01-01T19:45:00.000Z,zone-a,pressure,1011.7
2024-01-01T21:05:00.000Z,zone-a,temperature,27.7
2024-01-01T22:31:00.000Z,zone-c,temperature,27.3
2024-01-01T23:37:00.000Z,zone-b,pressure,1011.1
2024-01-02T00:49:00.000Z,zone-c,humidity,39.6
2024-01-02T04:22:00.000Z,zone-a,light,812.4
2024-01-02T05:18:00.000Z,zone-b,light,299.5
2024-01-02T06:38:00.000Z,zone-d,humidity,42.7
2024-01-02T06:58:00.000Z,zone-c,pressure,1016.8
2024-01-02T07:49:00.000Z,zone-b,temperature,19.4
2024-01-02T13:27:00.000Z,zone-b,humidity,34.7
2024-01-02T14:02:00.000Z,zone-a,humidity,77.2
2024-01-02T15:59:00.000Z,zone-d,light,641.4
2024-01-02T17:13:00.000Z,zone-c,light,636.5
2024-01-02T17:55:00.000Z,zone-d,pressure,996.7
2024-01-02T18:56:00.000Z,zone-a,pressure,1000.2
2024-01-02T22:52:00.000Z,zone-b,pressure,1018.1
2024-01-02T23:06:00.000Z,zone-b,humidity,58.7
2024-01-02T23:51:00.000Z,zone-a,temperature,24.9
2024-01-03T02:57:00.000Z,zone-b,light,140.3
2024-01-03T04:05:00.000Z,zone-a,light,603.3
2024-01-03T05:19:00.000Z,zone-c,temperature,16
2024-01-03T06:14:00.000Z,zone-d,light,752.2
2024-01-03T07:10:00.000Z,zone-d,humidity,45.3
2024-01-03T10:44:00.000Z,zone-d,temperature,29.6
2024-01-03T10:45:00.000Z,zone-c,humidity,34.8
2024-01-03T11:53:00.000Z,zone-c,pressure,998.5
2024-01-03T12:47:00.000Z,zone-d,pressure,999.5
2024-01-03T14:14:00.000Z,zone-b,temperature,28.6
2024-01-03T14:17:00.000Z,zone-c,light,662
2024-01-03T15:37:00.000Z,zone-a,humidity,70.8
2024-01-03T20:54:00.000Z,zone-a,humidity,53.9
2024-01-03T21:08:00.000Z,zone-b,temperature,26.5
2024-01-03T22:40:00.000Z,zone-d,light,279.9
2024-01-04T02:50:00.000Z,zone-c,light,848.6
2024-01-04T03:15:00.000Z,zone-a,light,492.3
2024-01-04T03:39:00.000Z,zone-b,pressure,1019.6
2024-01-04T03:53:00.000Z,zone-a,temperature,16.1
2024-01-04T07:08:00.000Z,zone-c,humidity,46.2
2024-01-04T09:21:00.000Z,zone-c,pressure,994.6
2024-01-04T09:43:00.000Z,zone-b,light,444.6
2024-01-04T10:02:00.000Z,zone-b,humidity,44.7
2024-01-04T10:43:00.000Z,zone-a,pressure,1019.9
2024-01-04T10:54:00.000Z,zone-d,humidity,32.9
2024-01-04T10:55:00.000Z,zone-d,pressure,1009.9
2024-01-04T14:16:00.000Z,zone-c,temperature,26.3
2024-01-04T17:26:00.000Z,zone-d,temperature,28.2
2024-01-04T20:29:00.000Z,zone-a,pressure,994
2024-01-04T21:36:00.000Z,zone-d,pressure,990.5
2024-01-05T00:15:00.000Z,zone-c,light,529.2
2024-01-05T01:02:00.000Z,zone-a,temperature,19.8
2024-01-05T01:26:00.000Z,zone-b,humidity,69.9
2024-01-05T05:25:00.000Z,zone-a,humidity,34
2024-01-05T07:59:00.000Z,zone-b,temperature,25.3
2024-01-05T08:05:00.000Z,zone-d,temperature,28.5
2024-01-05T09:08:00.000Z,zone-c,humidity,47.7
2024-01-05T09:24:00.000Z,zone-d,light,858.9
2024-01-05T09:54:00.000Z,zone-a,light,632.2
2024-01-05T11:02:00.000Z,zone-b,light,536.9
2024-01-05T14:25:00.000Z,zone-c,pressure,992.6
2024-01-05T15:15:00.000Z,zone-d,humidity,66.1
2024-01-05T15:40:00.000Z,zone-b,pressure,1015.3
2024-01-05T17:10:00.000Z,zone-c,temperature,34.6
2024-01-05T22:28:00.000Z,zone-d,humidity,71.7
2024-01-05T23:29:00.000Z,zone-c,pressure,1008.6
2024-01-05T23:34:00.000Z,zone-b,humidity,54.1
2024-01-05T23:36:00.000Z,zone-c,temperature,27
2024-01-06T01:52:00.000Z,zone-a,humidity,72.9
2024-01-06T02:19:00.000Z,zone-b,temperature,28.9
2024-01-06T03:43:00.000Z,zone-a,light,512.4
2024-01-06T03:55:00.000Z,zone-b,pressure,1012.1
2024-01-06T05:05:00.000Z,zone-d,temperature,26
2024-01-06T05:43:00.000Z,zone-d,light,609.5
2024-01-06T10:10:00.000Z,zone-a,pressure,1012.5
2024-01-06T11:59:00.000Z,zone-d,pressure,1013.8
2024-01-06T12:20:00.000Z,zone-c,humidity,63
2024-01-06T12:27:00.000Z,zone-c,light,595.4
2024-01-06T14:34:00.000Z,zone-b,light,620.9
2024-01-06T15:24:00.000Z,zone-a,temperature,25.3
2024-01-06T21:21:00.000Z,zone-b,humidity,42.1
2024-01-06T22:14:00.000Z,zone-a,light,264.1
2024-01-06T23:55:00.000Z,zone-a,humidity,31.3
2024-01-07T02:28:00.000Z,zone-d,humidity,77.1
2024-01-07T02:30:00.000Z,zone-c,temperature,21.6
2024-01-07T03:12:00.000Z,zone-c,light,226.6
2024-01-07T05:32:00.000Z,zone-b,temperature,32.6
2024-01-07T05:32:00.000Z,zone-b,light,270.7
2024-01-07T06:03:00.000Z,zone-a,temperature,30.6
2024-01-07T06:06:00.000Z,zone-c,humidity,68.9
2024-01-07T10:05:00.000Z,zone-d,temperature,26.7
2024-01-07T10:29:00.000Z,zone-c,pressure,991
2024-01-07T11:42:00.000Z,zone-d,pressure,991.6
2024-01-07T11:45:00.000Z,zone-a,pressure,1007.2
2024-01-07T13:42:00.000Z,zone-b,pressure,1015.8
2024-01-07T14:59:00.000Z,zone-d,light,621.9
2024-01-07T20:30:00.000Z,zone-b,temperature,24.9
2024-01-07T20:48:00.000Z,zone-b,humidity,59.4
2024-01-07T20:54:00.000Z,zone-c,temperature,33
2024-01-07T22:37:00.000Z,zone-a,pressure,1018.8
2024-01-08T01:45:00.000Z,zone-c,pressure,1006.5
2024-01-08T02:27:00.000Z,zone-a,light,504
2024-01-08T03:04:00.000Z,zone-d,humidity,53.4
2024-01-08T03:52:00.000Z,zone-b,light,656.1
2024-01-08T05:11:00.000Z,zone-d,temperature,23.1
2024-01-08T06:03:00.000Z,zone-c,light,107
2024-01-08T07:36:00.000Z,zone-c,humidity,73.1
2024-01-08T09:34:00.000Z,zone-d,light,716.6
2024-01-08T11:50:00.000Z,zone-a,humidity,48.9
2024-01-08T12:30:00.000Z,zone-a,temperature,24
2024-01-08T13:53:00.000Z,zone-d,pressure,1003.7
2024-01-08T16:30:00.000Z,zone-b,pressure,1011.1
2024-01-08T21:28:00.000Z,zone-b,humidity,51.6
2024-01-09T00:34:00.000Z,zone-a,temperature,27.2
2024-01-09T03:58:00.000Z,zone-b,pressure,999.6
2024-01-09T05:11:00.000Z,zone-c,light,544.3
2024-01-09T05:26:00.000Z,zone-a,light,723.1
2024-01-09T09:39:00.000Z,zone-d,temperature,31.2
2024-01-09T10:15:00.000Z,zone-c,temperature,29.5
2024-01-09T10:22:00.000Z,zone-d,light,378.7
2024-01-09T11:24:00.000Z,zone-d,pressure,996.4
2024-01-09T11:51:00.000Z,zone-c,pressure,1001.4
2024-01-09T12:57:00.000Z,zone-d,humidity,67.6
2024-01-09T13:17:00.000Z,zone-a,humidity,39.7
2024-01-09T14:22:00.000Z,zone-b,temperature,21.4
2024-01-09T14:44:00.000Z,zone-a,pressure,1018.6
2024-01-09T17:08:00.000Z,zone-c,humidity,56.4
2024-01-09T17:55:00.000Z,zone-b,light,586.6
2024-01-09T18:37:00.000Z,zone-d,light,651.3
2024-01-09T18:49:00.000Z,zone-a,light,475.3
2024-01-09T20:47:00.000Z,zone-b,pressure,994.7
2024-01-09T21:49:00.000Z,zone-c,pressure,995
2024-01-09T23:57:00.000Z,zone-d,pressure,1008.7
2024-01-09T23:58:00.000Z,zone-a,humidity,56
2024-01-10T01:45:00.000Z,zone-c,humidity,49.7
2024-01-10T02:12:00.000Z,zone-d,temperature,19.2
2024-01-10T06:59:00.000Z,zone-d,humidity,64.4
2024-01-10T07:51:00.000Z,zone-b,humidity,69.8
2024-01-10T09:09:00.000Z,zone-b,temperature,22.9
2024-01-10T11:16:00.000Z,zone-b,light,155.8
2024-01-10T11:21:00.000Z,zone-a,pressure,997.5
2024-01-10T14:31:00.000Z,zone-c,temperature,25.3
2024-01-10T15:22:00.000Z,zone-c,light,228.2
2024-01-10T15:37:00.000Z,zone-a,temperature,18.4
2024-01-10T18:50:00.000Z,zone-b,humidity,32.3
2024-01-10T21:55:00.000Z,zone-c,light,587.2
2024-01-10T22:26:00.000Z,zone-b,temperature,20.5
2024-01-10T23:25:00.000Z,zone-d,humidity,38.9
2024-01-11T01:38:00.000Z,zone-c,pressure,1014.2
2024-01-11T01:45:00.000Z,zone-b,light,581.5
2024-01-11T02:54:00.000Z,zone-a,temperature,35
2024-01-11T06:26:00.000Z,zone-a,light,178.2
2024-01-11T06:54:00.000Z,zone-b,pressure,999.8
2024-01-11T07:10:00.000Z,zone-a,humidity,43.7
2024-01-11T08:32:00.000Z,zone-d,light,641.8
2024-01-11T09:15:00.000Z,zone-d,pressure,1019.4
2024-01-11T10:10:00.000Z,zone-c,temperature,27.9
2024-01-11T10:53:00.000Z,zone-a,pressure,1005.2
2024-01-11T12:59:00.000Z,zone-d,temperature,20.7
2024-01-11T15:07:00.000Z,zone-c,humidity,32
2024-01-11T18:41:00.000Z,zone-d,pressure,1000.2
2024-01-11T19:23:00.000Z,zone-b,temperature,22.5
2024-01-11T20:29:00.000Z,zone-d,humidity,64.4
2024-01-11T22:35:00.000Z,zone-c,humidity,51
2024-01-11T23:31:00.000Z,zone-c,light,270.9
2024-01-11T23:42:00.000Z,zone-a,pressure,1003.4
2024-01-12T01:03:00.000Z,zone-d,temperature,22.3
2024-01-12T04:15:00.000Z,zone-a,light,702.3
2024-01-12T07:01:00.000Z,zone-b,light,171.2
2024-01-12T08:38:00.000Z,zone-b,pressure,1004.9
2024-01-12T10:39:00.000Z,zone-a,humidity,75.6
2024-01-12T12:12:00.000Z,zone-a,temperature,31.4
2024-01-12T13:11:00.000Z,zone-b,humidity,70.7
2024-01-12T14:30:00.000Z,zone-c,temperature,21.6
2024-01-12T16:44:00.000Z,zone-d,light,567
2024-01-12T18:04:00.000Z,zone-c,pressure,1018.9
2024-01-12T18:56:00.000Z,zone-b,light,328.9
2024-01-12T19:07:00.000Z,zone-c,temperature,32.1
2024-01-12T21:41:00.000Z,zone-d,light,291.1
2024-01-12T21:42:00.000Z,zone-c,pressure,1009.1
2024-01-12T23:53:00.000Z,zone-c,light,182.8
2024-01-13T04:26:00.000Z,zone-a,pressure,1010.3
2024-01-13T05:05:00.000Z,zone-b,humidity,48
2024-01-13T06:17:00.000Z,zone-b,temperature,24.2
2024-01-13T06:45:00.000Z,zone-c,humidity,53.3
2024-01-13T08:04:00.000Z,zone-a,light,412.7
2024-01-13T08:11:00.000Z,zone-a,humidity,36.8
2024-01-13T08:14:00.000Z,zone-d,temperature,34.5
2024-01-13T09:11:00.000Z,zone-d,humidity,75.1
2024-01-13T11:44:00.000Z,zone-a,temperature,17.3
2024-01-13T12:12:00.000Z,zone-d,pressure,1011.5
2024-01-13T12:55:00.000Z,zone-b,pressure,1018.7
2024-01-13T19:25:00.000Z,zone-b,humidity,79.9
2024-01-13T21:47:00.000Z,zone-d,humidity,32.7
2024-01-14T01:23:00.000Z,zone-b,temperature,22.7
2024-01-14T02:05:00.000Z,zone-c,light,115.9
2024-01-14T02:18:00.000Z,zone-d,temperature,18.2
2024-01-14T05:16:00.000Z,zone-b,pressure,1006.2
2024-01-14T06:08:00.000Z,zone-b,light,890.9
2024-01-14T07:03:00.000Z,zone-a,temperature,19.4
2024-01-14T08:14:00.000Z,zone-c,pressure,1005.1
2024-01-14T09:29:00.000Z,zone-c,temperature,18.7
2024-01-14T13:11:00.000Z,zone-d,pressure,1017.9
2024-01-14T14:58:00.000Z,zone-d,light,345
2024-01-14T15:46:00.000Z,zone-a,pressure,1010.7
2024-01-14T16:00:00.000Z,zone-c,humidity,45.3
2024-01-14T18:09:00.000Z,zone-a,light,799.2
2024-01-14T18:26:00.000Z,zone-a,humidity,40.9
2024-01-14T21:56:00.000Z,zone-d,humidity,68
2024-01-14T22:53:00.000Z,zone-a,pressure,1009.5
2024-01-15T00:15:00.000Z,zone-a,temperature,28.3
2024-01-15T00:22:00.000Z,zone-c,temperature,20.4
2024-01-15T03:07:00.000Z,zone-a,light,589
2024-01-15T03:43:00.000Z,zone-b,temperature,33.2
2024-01-15T04:45:00.000Z,zone-a,humidity,52.9
2024-01-15T05:59:00.000Z,zone-c,humidity,62.8
2024-01-15T06:14:00.000Z,zone-c,pressure,992
2024-01-15T07:43:00.000Z,zone-b,humidity,66.5
2024-01-15T08:49:00.000Z,zone-d,pressure,1003.1
2024-01-15T08:51:00.000Z,zone-b,pressure,1015.1
2024-01-15T11:47:00.000Z,zone-d,light,506.3
2024-01-15T11:57:00.000Z,zone-c,light,536.6
2024-01-15T14:39:00.000Z,zone-b,light,851.6
2024-01-15T17:27:00.000Z,zone-d,temperature,27.3
2024-01-15T18:33:00.000Z,zone-a,temperature,30.8
2024-01-15T18:46:00.000Z,zone-c,light,194.5
2024-01-15T19:04:00.000Z,zone-c,humidity,72.8
2024-01-15T21:44:00.000Z,zone-c,pressure,1015.3
2024-01-16T00:15:00.000Z,zone-b,pressure,993.8
2024-01-16T01:05:00.000Z,zone-d,temperature,30.1
2024-01-16T01:17:00.000Z,zone-a,pressure,1004.4
2024-01-16T02:50:00.000Z,zone-c,temperature,25.6
2024-01-16T05:41:00.000Z,zone-d,humidity,77.4
2024-01-16T06:50:00.000Z,zone-b,light,786
2024-01-16T07:31:00.000Z,zone-b,humidity,54.3
2024-01-16T08:03:00.000Z,zone-d,light,272.8
2024-01-16T09:30:00.000Z,zone-b,temperature,16.5
2024-01-16T11:27:00.000Z,zone-d,pressure,992.3
2024-01-16T12:31:00.000Z,zone-a,humidity,39.7
2024-01-16T16:50:00.000Z,zone-a,light,689.3
2024-01-16T19:48:00.000Z,zone-d,light,234.3
2024-01-17T01:39:00.000Z,zone-b,humidity,47.1
2024-01-17T04:30:00.000Z,zone-c,light,422.5
2024-01-17T05:05:00.000Z,zone-d,temperature,29.4
2024-01-17T05:24:00.000Z,zone-c,humidity,47.1
2024-01-17T06:35:00.000Z,zone-a,humidity,62.8
2024-01-17T06:53:00.000Z,zone-b,pressure,1013.2
2024-01-17T07:41:00.000Z,zone-a,pressure,990.7
2024-01-17T07:43:00.000Z,zone-d,pressure,1005.2
2024-01-17T08:56:00.000Z,zone-b,temperature,24
2024-01-17T10:05:00.000Z,zone-c,pressure,999.3
2024-01-17T10:38:00.000Z,zone-d,humidity,74.2
2024-01-17T10:45:00.000Z,zone-c,temperature,15.7
2024-01-17T12:00:00.000Z,zone-a,temperature,29
2024-01-17T14:14:00.000Z,zone-a,light,745.1
2024-01-17T16:13:00.000Z,zone-b,light,393.9
2024-01-17T18:42:00.000Z,zone-b,temperature,32.8
2024-01-17T19:45:00.000Z,zone-d,pressure,999.4
2024-01-17T20:35:00.000Z,zone-a,humidity,47.3
2024-01-18T00:05:00.000Z,zone-a,light,881.2
2024-01-18T00:37:00.000Z,zone-d,humidity,66
2024-01-18T07:35:00.000Z,zone-d,light,853.1
2024-01-18T09:05:00.000Z,zone-a,temperature,16
2024-01-18T12:22:00.000Z,zone-d,temperature,28.2
2024-01-18T12:32:00.000Z,zone-c,temperature,17.8
2024-01-18T14:11:00.000Z,zone-c,light,686.7
2024-01-18T15:27:00.000Z,zone-b,humidity,36.9
2024-01-18T15:34:00.000Z,zone-a,pressure,1014.8
2024-01-18T15:41:00.000Z,zone-b,pressure,1005.8
2024-01-18T16:08:00.000Z,zone-c,humidity,74.4
2024-01-18T16:17:00.000Z,zone-b,light,629.4
2024-01-18T18:15:00.000Z,zone-c,pressure,997.7
2024-01-18T20:36:00.000Z,zone-a,humidity,53.2
2024-01-18T20:49:00.000Z,zone-d,pressure,1011.5
2024-01-18T22:42:00.000Z,zone-a,light,481.3
2024-01-18T23:19:00.000Z,zone-a,temperature,20.9
2024-01-19T02:09:00.000Z,zone-c,humidity,39.4
2024-01-19T04:22:00.000Z,zone-a,pressure,1008.7
2024-01-19T04:46:00.000Z,zone-c,light,338.5
2024-01-19T06:47:00.000Z,zone-d,humidity,62.4
2024-01-19T07:10:00.000Z,zone-b,temperature,21.7
2024-01-19T07:16:00.000Z,zone-b,pressure,1009.1
2024-01-19T09:57:00.000Z,zone-c,pressure,1002
2024-01-19T11:59:00.000Z,zone-d,light,148.8
2024-01-19T13:12:00.000Z,zone-b,light,563.7
2024-01-19T14:28:00.000Z,zone-c,temperature,33.3
2024-01-19T15:56:00.000Z,zone-d,temperature,17.7
2024-01-19T18:02:00.000Z,zone-b,humidity,48.4
2024-01-19T22:11:00.000Z,zone-a,pressure,999.5
2024-01-19T22:59:00.000Z,zone-c,temperature,17.3
2024-01-19T23:55:00.000Z,zone-b,humidity,76.3
2024-01-20T01:21:00.000Z,zone-c,light,879.9
2024-01-20T01:26:00.000Z,zone-b,pressure,994.3
2024-01-20T03:01:00.000Z,zone-a,light,228.2
2024-01-20T03:31:00.000Z,zone-c,pressure,1005.5
2024-01-20T04:49:00.000Z,zone-d,light,255.9
2024-01-20T07:16:00.000Z,zone-b,light,815.1
2024-01-20T07:37:00.000Z,zone-d,temperature,25.2
2024-01-20T07:40:00.000Z,zone-d,humidity,57.3
2024-01-20T08:40:00.000Z,zone-a,humidity,45.6
2024-01-20T09:05:00.000Z,zone-b,temperature,27.4
2024-01-20T12:10:00.000Z,zone-c,humidity,40.8
2024-01-20T12:16:00.000Z,zone-d,pressure,1017.2
2024-01-20T16:55:00.000Z,zone-a,temperature,24.5
2024-01-20T19:54:00.000Z,zone-d,light,321.1
2024-01-20T22:07:00.000Z,zone-c,light,651.6
2024-01-20T22:56:00.000Z,zone-d,humidity,75.3
2024-01-21T00:41:00.000Z,zone-b,light,751.6
2024-01-21T01:52:00.000Z,zone-c,temperature,32
2024-01-21T03:33:00.000Z,zone-a,humidity,67.5
2024-01-21T05:47:00.000Z,zone-b,temperature,20
2024-01-21T06:48:00.000Z,zone-a,temperature,20.1
2024-01-21T06:53:00.000Z,zone-c,humidity,61.6
2024-01-21T07:02:00.000Z,zone-c,pressure,1000.8
2024-01-21T07:46:00.000Z,zone-a,light,585
2024-01-21T08:18:00.000Z,zone-d,temperature,28.9
2024-01-21T08:23:00.000Z,zone-a,pressure,1014.3
2024-01-21T15:25:00.000Z,zone-d,pressure,1018
2024-01-21T16:40:00.000Z,zone-b,pressure,1011.2
2024-01-21T18:03:00.000Z,zone-b,humidity,74.6
2024-01-21T21:15:00.000Z,zone-c,temperature,28.2
2024-01-21T21:37:00.000Z,zone-c,pressure,998
2024-01-22T00:47:00.000Z,zone-a,temperature,31
2024-01-22T02:52:00.000Z,zone-b,temperature,27
2024-01-22T04:38:00.000Z,zone-a,pressure,1013.1
2024-01-22T06:25:00.000Z,zone-a,humidity,37.7
2024-01-22T07:11:00.000Z,zone-c,humidity,40.2
2024-01-22T09:46:00.000Z,zone-b,light,667.7
2024-01-22T10:28:00.000Z,zone-d,pressure,1012.3
2024-01-22T14:19:00.000Z,zone-a,light,506.9
2024-01-22T14:41:00.000Z,zone-d,temperature,24.6
2024-01-22T15:30:00.000Z,zone-b,humidity,79.1
2024-01-22T16:17:00.000Z,zone-c,light,225.2
2024-01-22T16:29:00.000Z,zone-d,light,311.5
2024-01-22T16:32:00.000Z,zone-d,humidity,58
2024-01-22T16:52:00.000Z,zone-b,pressure,1008.3
2024-01-22T18:37:00.000Z,zone-b,humidity,42.7
2024-01-22T20:23:00.000Z,zone-b,temperature,32.5
2024-01-22T20:49:00.000Z,zone-d,temperature,16
2024-01-22T21:31:00.000Z,zone-c,humidity,64
2024-01-22T22:04:00.000Z,zone-a,light,378.8
2024-01-22T22:14:00.000Z,zone-d,light,240.5
2024-01-22T23:32:00.000Z,zone-a,humidity,60.5
2024-01-23T01:29:00.000Z,zone-c,pressure,1018.1
2024-01-23T04:40:00.000Z,zone-a,temperature,15.3
2024-01-23T05:50:00.000Z,zone-d,pressure,998
2024-01-23T07:14:00.000Z,zone-b,light,228.5
2024-01-23T08:20:00.000Z,zone-a,pressure,1019.6
2024-01-23T09:00:00.000Z,zone-d,humidity,57.8
2024-01-23T14:11:00.000Z,zone-b,pressure,1007.7
2024-01-23T14:45:00.000Z,zone-c,light,492.7
2024-01-23T15:21:00.000Z,zone-c,temperature,26.1
2024-01-23T20:12:00.000Z,zone-c,temperature,16.6
2024-01-23T22:35:00.000Z,zone-a,light,681.2
2024-01-24T00:07:00.000Z,zone-c,pressure,997.4
2024-01-24T00:42:00.000Z,zone-b,light,186.3
2024-01-24T01:48:00.000Z,zone-c,humidity,42.6
2024-01-24T05:13:00.000Z,zone-a,pressure,994.7
2024-01-24T07:04:00.000Z,zone-d,temperature,23
2024-01-24T07:32:00.000Z,zone-b,pressure,1002.7
2024-01-24T08:48:00.000Z,zone-d,humidity,41.4
2024-01-24T09:30:00.000Z,zone-b,temperature,21.5
2024-01-24T12:36:00.000Z,zone-b,humidity,44
2024-01-24T15:06:00.000Z,zone-a,humidity,44.9
2024-01-24T15:23:00.000Z,zone-c,light,662.2
2024-01-24T16:58:00.000Z,zone-a,temperature,20.7
2024-01-24T18:05:00.000Z,zone-d,light,801.6
2024-01-24T18:09:00.000Z,zone-d,pressure,1009.7
2024-01-24T20:43:00.000Z,zone-d,humidity,43.3
2024-01-24T21:33:00.000Z,zone-c,light,108.3
2024-01-25T02:48:00.000Z,zone-b,temperature,17.8
2024-01-25T04:05:00.000Z,zone-b,humidity,64.2
2024-01-25T07:38:00.000Z,zone-b,light,330.6
2024-01-25T07:46:00.000Z,zone-c,pressure,997.2
2024-01-25T08:09:00.000Z,zone-a,pressure,1005
2024-01-25T09:58:00.000Z,zone-a,temperature,15.7
2024-01-25T11:32:00.000Z,zone-c,humidity,70.9
2024-01-25T11:43:00.000Z,zone-a,light,454
2024-01-25T13:27:00.000Z,zone-d,light,293.8
2024-01-25T17:24:00.000Z,zone-d,temperature,31.9
2024-01-25T17:39:00.000Z,zone-c,temperature,18.3
2024-01-25T17:44:00.000Z,zone-b,pressure,1017.4
2024-01-25T17:46:00.000Z,zone-d,pressure,1003.2
2024-01-25T17:49:00.000Z,zone-a,humidity,31.6
2024-01-25T19:31:00.000Z,zone-a,light,254.8
2024-01-25T20:17:00.000Z,zone-b,pressure,1005.9
2024-01-25T20:55:00.000Z,zone-b,temperature,18.3
2024-01-25T22:50:00.000Z,zone-d,temperature,15.3
2024-01-26T00:21:00.000Z,zone-a,humidity,73.1
2024-01-26T03:03:00.000Z,zone-d,pressure,1011.5
2024-01-26T03:09:00.000Z,zone-a,temperature,31.4
2024-01-26T03:46:00.000Z,zone-b,light,885.9
2024-01-26T06:51:00.000Z,zone-c,pressure,1014.7
2024-01-26T11:58:00.000Z,zone-a,pressure,996.9
2024-01-26T13:21:00.000Z,zone-d,humidity,44.4
2024-01-26T14:00:00.000Z,zone-c,temperature,30
2024-01-26T15:54:00.000Z,zone-c,humidity,72.7
2024-01-26T16:19:00.000Z,zone-c,light,747.8
2024-01-26T16:48:00.000Z,zone-d,light,326.6
2024-01-26T17:46:00.000Z,zone-b,humidity,51.9
2024-01-26T22:35:00.000Z,zone-b,light,714
2024-01-26T22:37:00.000Z,zone-a,pressure,990.9
2024-01-26T23:29:00.000Z,zone-d,temperature,22.8
2024-01-26T23:30:00.000Z,zone-a,light,443.2
2024-01-26T23:43:00.000Z,zone-d,light,537.3
2024-01-27T01:02:00.000Z,zone-b,pressure,1002.7
2024-01-27T03:26:00.000Z,zone-b,temperature,24
2024-01-27T07:52:00.000Z,zone-c,humidity,73.5
2024-01-27T10:31:00.000Z,zone-c,temperature,23.1
2024-01-27T12:01:00.000Z,zone-d,pressure,999.2
2024-01-27T12:16:00.000Z,zone-b,humidity,57.9
2024-01-27T15:06:00.000Z,zone-a,humidity,36.9
2024-01-27T15:55:00.000Z,zone-a,temperature,24.8
2024-01-27T16:29:00.000Z,zone-d,humidity,69.6
2024-01-27T17:30:00.000Z,zone-c,pressure,997.9
2024-01-27T17:44:00.000Z,zone-c,light,806.2
2024-01-27T21:15:00.000Z,zone-b,temperature,15.5
2024-01-27T23:06:00.000Z,zone-d,humidity,47.1
2024-01-28T00:12:00.000Z,zone-a,pressure,1018
2024-01-28T00:39:00.000Z,zone-a,light,833.8
2024-01-28T02:38:00.000Z,zone-d,pressure,993.7
2024-01-28T03:11:00.000Z,zone-d,light,411
2024-01-28T05:48:00.000Z,zone-c,temperature,30.3
2024-01-28T07:52:00.000Z,zone-b,light,642.9
2024-01-28T08:15:00.000Z,zone-b,pressure,1003.2
2024-01-28T08:38:00.000Z,zone-a,humidity,41.5
2024-01-28T09:28:00.000Z,zone-a,temperature,25.1
2024-01-28T13:07:00.000Z,zone-b,humidity,48.3
2024-01-28T13:09:00.000Z,zone-c,humidity,53.1
2024-01-28T14:58:00.000Z,zone-c,pressure,995.3
2024-01-28T15:29:00.000Z,zone-d,temperature,26.7
2024-01-28T17:10:00.000Z,zone-c,light,475.2
2024-01-28T19:02:00.000Z,zone-a,pressure,1015.1
2024-01-28T19:55:00.000Z,zone-c,temperature,17.1
2024-01-28T23:31:00.000Z,zone-a,temperature,32.5
2024-01-29T00:56:00.000Z,zone-a,light,283.9
2024-01-29T02:35:00.000Z,zone-c,light,786.9
2024-01-29T04:27:00.000Z,zone-d,pressure,990.5
2024-01-29T05:13:00.000Z,zone-d,temperature,25.6
2024-01-29T11:25:00.000Z,zone-d,humidity,51.6
2024-01-29T11:55:00.000Z,zone-b,light,736.6
2024-01-29T13:01:00.000Z,zone-b,pressure,994.3
2024-01-29T13:29:00.000Z,zone-b,temperature,17.9
2024-01-29T15:50:00.000Z,zone-a,humidity,55.3
2024-01-29T16:03:00.000Z,zone-d,light,152
2024-01-29T16:32:00.000Z,zone-c,humidity,39.8
2024-01-29T16:42:00.000Z,zone-b,humidity,53.1
2024-01-29T17:33:00.000Z,zone-c,pressure,1007.3
2024-01-29T23:25:00.000Z,zone-a,temperature,19.8
2024-01-30T02:33:00.000Z,zone-d,temperature,18.1
2024-01-30T02:43:00.000Z,zone-a,humidity,44.2
2024-01-30T03:29:00.000Z,zone-d,humidity,54.5
2024-01-30T05:07:00.000Z,zone-b,humidity,33.4
2024-01-30T05:38:00.000Z,zone-d,pressure,1015.1
2024-01-30T05:42:00.000Z,zone-c,light,437.4
2024-01-30T06:24:00.000Z,zone-a,pressure,994.4
2024-01-30T06:53:00.000Z,zone-c,pressure,1017.8
2024-01-30T08:36:00.000Z,zone-a,light,694.2
2024-01-30T08:41:00.000Z,zone-c,humidity,60.1
2024-01-30T13:00:00.000Z,zone-b,pressure,997.5
2024-01-30T14:56:00.000Z,zone-b,temperature,25.3
2024-01-30T15:48:00.000Z,zone-b,light,234
2024-01-30T16:19:00.000Z,zone-d,light,697.2
2024-01-30T18:11:00.000Z,zone-c,temperature,28.3
2024-01-30T18:40:00.000Z,zone-d,temperature,29.1
2024-01-30T19:00:00.000Z,zone-c,temperature,29.1
2024-01-30T19:23:00.000Z,zone-d,humidity,35.3
2024-01-30T21:28:00.000Z,zone-c,humidity,68.7
2024-01-31T01:35:00.000Z,zone-b,pressure,1002.9
2024-01-31T03:48:00.000Z,zone-c,light,617.7
2024-01-31T03:50:00.000Z,zone-d,pressure,1009
2024-01-31T04:12:00.000Z,zone-d,light,615
2024-01-31T07:39:00.000Z,zone-b,humidity,54.2
2024-01-31T08:43:00.000Z,zone-a,humidity,33.6
2024-01-31T09:33:00.000Z,zone-b,light,764
2024-01-31T10:48:00.000Z,zone-b,temperature,34.5
2024-01-31T13:19:00.000Z,zone-a,temperature,25.4
2024-01-31T15:14:00.000Z,zone-a,light,852.1
2024-01-31T16:54:00.000Z,zone-a,pressure,1002.2
2024-01-31T18:09:00.000Z,zone-c,pressure,1018.2
2024-01-31T19:21:00.000Z,zone-d,light,841
2024-01-31T20:13:00.000Z,zone-b,humidity,57.3
2024-01-31T23:56:00.000Z,zone-c,pressure,991.8
2024-02-01T01:09:00.000Z,zone-c,light,721.8
2024-02-01T03:31:00.000Z,zone-d,temperature,15.7
2024-02-01T03:41:00.000Z,zone-b,pressure,998.8
2024-02-01T04:18:00.000Z,zone-d,pressure,1004.1
2024-02-01T08:27:00.000Z,zone-a,temperature,27
2024-02-01T08:46:00.000Z,zone-a,pressure,1002
2024-02-01T11:16:00.000Z,zone-c,humidity,66.8
2024-02-01T12:31:00.000Z,zone-c,temperature,16.2
2024-02-01T12:54:00.000Z,zone-a,humidity,61.9
2024-02-01T13:22:00.000Z,zone-a,light,644.4
2024-02-01T16:56:00.000Z,zone-b,temperature,16.3
2024-02-01T17:02:00.000Z,zone-b,light,551.4
2024-02-01T17:05:00.000Z,zone-d,humidity,68.7
2024-02-01T18:31:00.000Z,zone-a,light,731.8
2024-02-01T19:25:00.000Z,zone-c,light,183.9
2024-02-01T20:43:00.000Z,zone-b,humidity,67.4
2024-02-01T21:46:00.000Z,zone-a,temperature,29.8
2024-02-01T23:33:00.000Z,zone-d,light,865.2
2024-02-01T23:46:00.000Z,zone-a,humidity,39.8
2024-02-02T00:01:00.000Z,zone-c,humidity,59.6
2024-02-02T00:08:00.000Z,zone-c,pressure,1000
2024-02-02T01:27:00.000Z,zone-c,temperature,31.3
2024-02-02T01:34:00.000Z,zone-b,light,783.3
2024-02-02T03:05:00.000Z,zone-d,humidity,79.5
2024-02-02T04:07:00.000Z,zone-d,temperature,15.5
2024-02-02T13:33:00.000Z,zone-b,temperature,28.1
2024-02-02T16:26:00.000Z,zone-d,pressure,1001.8
2024-02-02T16:36:00.000Z,zone-a,pressure,1011.4
2024-02-02T17:27:00.000Z,zone-b,pressure,1004.3
2024-02-02T20:01:00.000Z,zone-c,light,754.2
2024-02-02T20:11:00.000Z,zone-b,pressure,1003.3
2024-02-02T21:28:00.000Z,zone-c,humidity,79.4
2024-02-02T22:24:00.000Z,zone-b,temperature,19.9
2024-02-03T03:12:00.000Z,zone-a,temperature,26.1
2024-02-03T06:32:00.000Z,zone-d,pressure,999.6
2024-02-03T06:41:00.000Z,zone-b,light,899.3
2024-02-03T07:06:00.000Z,zone-a,humidity,45.1
2024-02-03T08:30:00.000Z,zone-c,temperature,33.1
2024-02-03T08:45:00.000Z,zone-a,light,357.2
2024-02-03T09:23:00.000Z,zone-d,humidity,41.6
2024-02-03T09:57:00.000Z,zone-d,temperature,21.5
2024-02-03T12:30:00.000Z,zone-b,humidity,75.2
2024-02-03T14:41:00.000Z,zone-d,light,648
2024-02-03T15:29:00.000Z,zone-a,pressure,1017.4
2024-02-03T18:07:00.000Z,zone-c,pressure,990.4
2024-02-03T20:09:00.000Z,zone-a,humidity,44.1
2024-02-03T20:22:00.000Z,zone-d,pressure,1013.9
2024-02-03T20:30:00.000Z,zone-d,humidity,63
2024-02-03T20:56:00.000Z,zone-d,temperature,16.2
2024-02-03T23:18:00.000Z,zone-d,light,388
2024-02-03T23:23:00.000Z,zone-a,light,106.1
2024-02-04T00:11:00.000Z,zone-a,temperature,23.6
2024-02-04T04:09:00.000Z,zone-c,pressure,1003.8
2024-02-04T06:24:00.000Z,zone-b,humidity,40.5
2024-02-04T07:02:00.000Z,zone-c,light,782.4
2024-02-04T07:12:00.000Z,zone-c,temperature,34.3
2024-02-04T08:18:00.000Z,zone-b,temperature,32
2024-02-04T11:18:00.000Z,zone-b,pressure,1007
2024-02-04T12:58:00.000Z,zone-c,humidity,62.9
2024-02-04T13:53:00.000Z,zone-a,pressure,1005.8
2024-02-04T17:22:00.000Z,zone-b,light,287.2
2024-02-04T19:32:00.000Z,zone-c,temperature,33.5
2024-02-05T00:36:00.000Z,zone-a,humidity,32.5
2024-02-05T02:54:00.000Z,zone-d,pressure,1006
2024-02-05T03:56:00.000Z,zone-d,humidity,69.1
2024-02-05T04:41:00.000Z,zone-b,light,477
2024-02-05T08:51:00.000Z,zone-c,pressure,1014.7
2024-02-05T09:25:00.000Z,zone-b,temperature,33.4
2024-02-05T09:49:00.000Z,zone-a,light,456.4
2024-02-05T09:51:00.000Z,zone-b,pressure,1013
2024-02-05T10:58:00.000Z,zone-c,light,812.1
2024-02-05T13:53:00.000Z,zone-d,light,372.8
2024-02-05T14:00:00.000Z,zone-d,temperature,27.6
2024-02-05T15:54:00.000Z,zone-b,humidity,37.2
2024-02-05T16:53:00.000Z,zone-c,humidity,31.8
2024-02-05T18:05:00.000Z,zone-a,temperature,32.4
2024-02-05T18:07:00.000Z,zone-a,pressure,998.5
2024-02-05T19:25:00.000Z,zone-d,pressure,1004.2
2024-02-05T20:24:00.000Z,zone-b,temperature,33.4
2024-02-06T01:06:00.000Z,zone-b,light,758.3
2024-02-06T01:18:00.000Z,zone-c,humidity,49.4
2024-02-06T04:20:00.000Z,zone-c,pressure,990
2024-02-06T04:28:00.000Z,zone-a,pressure,1017.2
2024-02-06T09:05:00.000Z,zone-c,light,438.9
2024-02-06T10:02:00.000Z,zone-a,humidity,59.3
2024-02-06T10:51:00.000Z,zone-b,pressure,1002.4
2024-02-06T11:59:00.000Z,zone-c,temperature,32.4
2024-02-06T12:36:00.000Z,zone-a,light,663.3
2024-02-06T13:19:00.000Z,zone-d,temperature,23.9
2024-02-06T13:53:00.000Z,zone-a,temperature,19.8
2024-02-06T16:46:00.000Z,zone-b,humidity,65.3
2024-02-06T17:09:00.000Z,zone-d,humidity,64.9
2024-02-06T17:20:00.000Z,zone-d,light,429
2024-02-06T20:35:00.000Z,zone-d,humidity,76.7
2024-02-07T01:52:00.000Z,zone-c,pressure,1015.4
2024-02-07T02:13:00.000Z,zone-a,temperature,26.2
2024-02-07T02:23:00.000Z,zone-b,humidity,71.1
2024-02-07T04:31:00.000Z,zone-a,pressure,990.7
2024-02-07T04:41:00.000Z,zone-c,humidity,35
2024-02-07T05:36:00.000Z,zone-b,light,481.3
2024-02-07T06:38:00.000Z,zone-d,pressure,1011.9
2024-02-07T07:00:00.000Z,zone-d,temperature,18.8
2024-02-07T08:26:00.000Z,zone-d,light,755.2
2024-02-07T09:47:00.000Z,zone-a,humidity,77.3
2024-02-07T10:12:00.000Z,zone-a,light,845.7
2024-02-07T11:53:00.000Z,zone-c,temperature,17.3
2024-02-07T12:29:00.000Z,zone-b,pressure,1002
2024-02-07T15:09:00.000Z,zone-c,light,412.7
2024-02-07T17:50:00.000Z,zone-b,temperature,26.6
2024-02-07T20:44:00.000Z,zone-c,light,878.5
2024-02-08T01:06:00.000Z,zone-d,temperature,28.1
2024-02-08T03:04:00.000Z,zone-a,humidity,51
2024-02-08T03:56:00.000Z,zone-d,pressure,1018.2
2024-02-08T04:26:00.000Z,zone-b,light,571
2024-02-08T05:24:00.000Z,zone-c,pressure,994.7
2024-02-08T06:23:00.000Z,zone-a,pressure,990.1
2024-02-08T09:45:00.000Z,zone-d,humidity,69.9
2024-02-08T10:21:00.000Z,zone-c,humidity,33
2024-02-08T10:49:00.000Z,zone-b,pressure,1017.6
2024-02-08T12:05:00.000Z,zone-a,light,520
2024-02-08T12:23:00.000Z,zone-b,humidity,66.5
2024-02-08T13:34:00.000Z,zone-c,temperature,22.6
2024-02-08T13:38:00.000Z,zone-a,temperature,24.4
2024-02-08T16:17:00.000Z,zone-d,light,176.3
2024-02-08T17:21:00.000Z,zone-b,temperature,17.6
2024-02-08T18:31:00.000Z,zone-d,pressure,1000.3
2024-02-08T21:12:00.000Z,zone-b,pressure,997.3
2024-02-08T22:43:00.000Z,zone-a,temperature,16.4
2024-02-09T00:56:00.000Z,zone-c,light,816.4
2024-02-09T02:02:00.000Z,zone-a,light,431
2024-02-09T03:37:00.000Z,zone-d,temperature,34.5
2024-02-09T05:30:00.000Z,zone-a,humidity,71.3
2024-02-09T06:50:00.000Z,zone-b,temperature,23.1
2024-02-09T06:51:00.000Z,zone-d,humidity,35.1
2024-02-09T07:50:00.000Z,zone-b,light,177.5
2024-02-09T10:30:00.000Z,zone-c,pressure,998.5
2024-02-09T11:01:00.000Z,zone-a,pressure,1013.7
2024-02-09T12:41:00.000Z,zone-d,light,101.3
2024-02-09T13:33:00.000Z,zone-c,temperature,25.3
2024-02-09T15:12:00.000Z,zone-c,humidity,67.5
2024-02-09T16:31:00.000Z,zone-b,humidity,69.6
2024-02-09T18:31:00.000Z,zone-a,pressure,1015.9
2024-02-09T19:23:00.000Z,zone-c,pressure,1015.2
2024-02-09T19:45:00.000Z,zone-a,humidity,32.8
2024-02-10T04:31:00.000Z,zone-d,humidity,62.1
2024-02-10T04:35:00.000Z,zone-c,temperature,16.5
2024-02-10T05:08:00.000Z,zone-b,pressure,995.4
2024-02-10T05:15:00.000Z,zone-b,temperature,34.8
2024-02-10T05:18:00.000Z,zone-d,temperature,16.2
2024-02-10T05:50:00.000Z,zone-c,light,860
2024-02-10T06:45:00.000Z,zone-d,light,471.1
2024-02-10T07:00:00.000Z,zone-a,temperature,26.5
2024-02-10T07:21:00.000Z,zone-b,humidity,68.6
2024-02-10T10:20:00.000Z,zone-c,humidity,52.1
2024-02-10T14:50:00.000Z,zone-a,light,192.4
2024-02-10T16:14:00.000Z,zone-b,light,610.4
2024-02-10T17:36:00.000Z,zone-d,pressure,1007.8
2024-02-10T19:25:00.000Z,zone-b,humidity,58.3
2024-02-10T20:24:00.000Z,zone-b,pressure,1016.2
2024-02-11T00:10:00.000Z,zone-b,light,558
2024-02-11T00:56:00.000Z,zone-a,humidity,34.9
2024-02-11T01:08:00.000Z,zone-a,temperature,32
2024-02-11T02:03:00.000Z,zone-a,pressure,999.8
2024-02-11T03:12:00.000Z,zone-c,pressure,1007.6
2024-02-11T03:41:00.000Z,zone-d,temperature,18.1
2024-02-11T05:40:00.000Z,zone-c,temperature,26.8
2024-02-11T06:33:00.000Z,zone-d,pressure,1016.7
2024-02-11T07:38:00.000Z,zone-b,temperature,24
2024-02-11T07:44:00.000Z,zone-d,light,354.3
2024-02-11T08:55:00.000Z,zone-a,light,233.3
2024-02-11T15:27:00.000Z,zone-c,humidity,59.2
2024-02-11T15:48:00.000Z,zone-d,humidity,47.1
2024-02-11T18:08:00.000Z,zone-c,light,878.9
2024-02-11T18:39:00.000Z,zone-c,humidity,76.3
2024-02-11T22:02:00.000Z,zone-b,humidity,74.3
2024-02-11T23:44:00.000Z,zone-d,pressure,1000.3
2024-02-12T00:06:00.000Z,zone-b,temperature,26.6
2024-02-12T02:55:00.000Z,zone-d,light,895.8
2024-02-12T03:44:00.000Z,zone-a,light,707
2024-02-12T04:57:00.000Z,zone-d,humidity,59.6
2024-02-12T05:03:00.000Z,zone-c,light,683.1
2024-02-12T06:47:00.000Z,zone-c,pressure,998.5
2024-02-12T06:59:00.000Z,zone-b,light,279.7
2024-02-12T09:44:00.000Z,zone-b,pressure,1018.1
2024-02-12T11:17:00.000Z,zone-a,pressure,1008.2
2024-02-12T12:29:00.000Z,zone-a,humidity,45
2024-02-12T15:59:00.000Z,zone-a,temperature,28.9
2024-02-12T16:31:00.000Z,zone-d,temperature,29.7
2024-02-12T17:17:00.000Z,zone-c,temperature,23.1
2024-02-12T19:35:00.000Z,zone-a,light,271.1
2024-02-12T19:45:00.000Z,zone-d,pressure,1006.5
2024-02-12T21:20:00.000Z,zone-b,humidity,65.6
2024-02-12T21:27:00.000Z,zone-c,light,358.5
2024-02-12T23:26:00.000Z,zone-d,temperature,30.8
2024-02-12T23:44:00.000Z,zone-a,temperature,28.2
2024-02-13T01:02:00.000Z,zone-c,humidity,44.1
2024-02-13T02:58:00.000Z,zone-d,light,718.8
2024-02-13T08:33:00.000Z,zone-c,temperature,16.9
2024-02-13T09:13:00.000Z,zone-a,pressure,1019.1
2024-02-13T09:46:00.000Z,zone-a,humidity,34.8
2024-02-13T11:34:00.000Z,zone-d,humidity,65.7
2024-02-13T12:20:00.000Z,zone-b,temperature,31.4
2024-02-13T12:31:00.000Z,zone-b,pressure,998.4
2024-02-13T13:46:00.000Z,zone-b,light,229.8
2024-02-13T16:13:00.000Z,zone-c,pressure,1010.5
2024-02-13T19:40:00.000Z,zone-c,pressure,1008.7
2024-02-13T19:48:00.000Z,zone-d,light,272.1
2024-02-13T21:17:00.000Z,zone-a,light,384.8
2024-02-13T22:11:00.000Z,zone-d,humidity,76.2
2024-02-13T22:42:00.000Z,zone-b,temperature,27.4
2024-02-13T23:28:00.000Z,zone-c,light,542.4
2024-02-13T23:56:00.000Z,zone-b,light,353.7
2024-02-14T00:06:00.000Z,zone-a,humidity,30.6
2024-02-14T03:02:00.000Z,zone-b,pressure,1013.3
2024-02-14T04:19:00.000Z,zone-c,humidity,57.9
2024-02-14T04:52:00.000Z,zone-a,temperature,22.9
2024-02-14T07:42:00.000Z,zone-b,humidity,67.4
2024-02-14T11:14:00.000Z,zone-d,temperature,29.5
2024-02-14T12:28:00.000Z,zone-a,pressure,1015.3
2024-02-14T13:35:00.000Z,zone-d,pressure,998.8
2024-02-14T17:13:00.000Z,zone-c,temperature,24.5
2024-02-14T19:21:00.000Z,zone-a,temperature,31.1
2024-02-14T21:30:00.000Z,zone-d,humidity,36.3
2024-02-15T02:39:00.000Z,zone-b,temperature,18.3
2024-02-15T04:46:00.000Z,zone-b,light,185
2024-02-15T06:09:00.000Z,zone-d,temperature,22.7
2024-02-15T06:34:00.000Z,zone-d,pressure,994.9
2024-02-15T10:39:00.000Z,zone-c,temperature,25
2024-02-15T11:37:00.000Z,zone-c,humidity,70.6
2024-02-15T12:32:00.000Z,zone-d,light,464
2024-02-15T12:45:00.000Z,zone-a,humidity,42.9
2024-02-15T12:51:00.000Z,zone-a,pressure,997.9
2024-02-15T14:20:00.000Z,zone-a,light,240.2
2024-02-15T15:51:00.000Z,zone-b,humidity,44.5
2024-02-15T17:41:00.000Z,zone-c,light,226.2
2024-02-15T18:23:00.000Z,zone-b,pressure,1000
2024-02-15T18:26:00.000Z,zone-c,pressure,1014.4
2024-02-15T19:58:00.000Z,zone-b,humidity,34.7
2024-02-15T20:20:00.000Z,zone-c,pressure,994.9
2024-02-15T23:43:00.000Z,zone-c,humidity,56.8
2024-02-16T01:17:00.000Z,zone-a,light,486
2024-02-16T02:48:00.000Z,zone-c,light,883.7
2024-02-16T04:04:00.000Z,zone-d,humidity,31.3
2024-02-16T05:22:00.000Z,zone-d,light,433.1
2024-02-16T05:45:00.000Z,zone-d,temperature,16.9
2024-02-16T06:56:00.000Z,zone-a,humidity,64.4
2024-02-16T06:59:00.000Z,zone-b,temperature,23.1
2024-02-16T07:04:00.000Z,zone-d,pressure,994.4
2024-02-16T07:48:00.000Z,zone-a,temperature,29.4
2024-02-16T11:01:00.000Z,zone-a,pressure,1006.4
2024-02-16T12:22:00.000Z,zone-c,temperature,26.8
2024-02-16T13:25:00.000Z,zone-b,light,876.2
2024-02-16T15:45:00.000Z,zone-b,pressure,992.6
2024-02-16T20:09:00.000Z,zone-c,temperature,24
2024-02-16T21:39:00.000Z,zone-b,light,488.6
2024-02-16T22:16:00.000Z,zone-b,temperature,33.5
2024-02-16T23:25:00.000Z,zone-b,pressure,1008.6
2024-02-17T00:10:00.000Z,zone-c,pressure,993.4
2024-02-17T02:56:00.000Z,zone-d,light,855.7
2024-02-17T07:03:00.000Z,zone-c,humidity,31.9
2024-02-17T07:44:00.000Z,zone-d,pressure,1003.8
2024-02-17T07:59:00.000Z,zone-d,humidity,47.4
2024-02-17T08:17:00.000Z,zone-d,temperature,34.7
2024-02-17T10:07:00.000Z,zone-a,pressure,1002.3
2024-02-17T14:34:00.000Z,zone-a,humidity,40
2024-02-17T15:40:00.000Z,zone-a,light,298
2024-02-17T17:35:00.000Z,zone-b,humidity,30.2
2024-02-17T17:38:00.000Z,zone-a,temperature,24.9
2024-02-17T17:58:00.000Z,zone-c,light,330.5
2024-02-17T19:38:00.000Z,zone-a,humidity,41.7
2024-02-17T19:49:00.000Z,zone-d,humidity,58.8
2024-02-17T19:50:00.000Z,zone-b,temperature,30.7
2024-02-17T20:05:00.000Z,zone-d,pressure,991.8
2024-02-17T20:52:00.000Z,zone-b,light,236.5
2024-02-18T02:29:00.000Z,zone-c,light,259
2024-02-18T03:37:00.000Z,zone-b,pressure,1015.9
2024-02-18T05:47:00.000Z,zone-a,pressure,1012.9
2024-02-18T07:04:00.000Z,zone-c,humidity,54.7
2024-02-18T07:33:00.000Z,zone-c,pressure,1014.3
2024-02-18T10:18:00.000Z,zone-d,temperature,27.1
2024-02-18T11:41:00.000Z,zone-a,light,748.6
2024-02-18T11:45:00.000Z,zone-b,humidity,33
2024-02-18T11:47:00.000Z,zone-c,temperature,33.2
2024-02-18T12:46:00.000Z,zone-d,light,791.9
2024-02-18T18:01:00.000Z,zone-a,temperature,24.6
2024-02-18T20:11:00.000Z,zone-c,temperature,23.5
2024-02-18T20:53:00.000Z,zone-c,light,648
2024-02-18T22:39:00.000Z,zone-b,temperature,17.7
2024-02-19T03:56:00.000Z,zone-b,pressure,994.5
2024-02-19T04:27:00.000Z,zone-d,light,268.4
2024-02-19T04:40:00.000Z,zone-d,humidity,48.1
2024-02-19T06:08:00.000Z,zone-c,pressure,1019.5
2024-02-19T07:07:00.000Z,zone-b,light,728.3
2024-02-19T10:14:00.000Z,zone-c,humidity,50.6
2024-02-19T10:50:00.000Z,zone-d,pressure,1016.8
2024-02-19T11:12:00.000Z,zone-a,light,650.4
2024-02-19T11:48:00.000Z,zone-a,pressure,1000
2024-02-19T15:26:00.000Z,zone-d,temperature,23.3
2024-02-19T15:56:00.000Z,zone-a,temperature,31
2024-02-19T16:24:00.000Z,zone-a,humidity,73.2
2024-02-19T17:13:00.000Z,zone-b,humidity,73.9
2024-02-19T19:59:00.000Z,zone-c,light,428.4
2024-02-19T20:32:00.000Z,zone-a,humidity,50.8
2024-02-20T00:10:00.000Z,zone-b,humidity,36
2024-02-20T02:19:00.000Z,zone-c,pressure,1012
2024-02-20T03:46:00.000Z,zone-a,light,835.9
2024-02-20T05:15:00.000Z,zone-d,temperature,33.8
2024-02-20T06:24:00.000Z,zone-d,light,436.8
2024-02-20T06:52:00.000Z,zone-d,pressure,1008.4
2024-02-20T09:58:00.000Z,zone-a,temperature,19.2
2024-02-20T10:53:00.000Z,zone-b,temperature,27.3
2024-02-20T14:30:00.000Z,zone-c,humidity,56.6
2024-02-20T15:19:00.000Z,zone-b,light,628.9
2024-02-20T16:09:00.000Z,zone-c,temperature,25
2024-02-20T16:10:00.000Z,zone-a,pressure,1019.6
2024-02-20T17:07:00.000Z,zone-d,humidity,73.8
2024-02-20T18:14:00.000Z,zone-b,pressure,990.5
2024-02-20T19:57:00.000Z,zone-c,temperature,20.4
2024-02-20T20:26:00.000Z,zone-a,light,103.3
2024-02-20T23:30:00.000Z,zone-d,pressure,1016
2024-02-21T01:57:00.000Z,zone-a,humidity,73.6
2024-02-21T02:26:00.000Z,zone-b,humidity,72.2
2024-02-21T04:25:00.000Z,zone-b,light,891.9
2024-02-21T05:00:00.000Z,zone-b,pressure,992
2024-02-21T06:23:00.000Z,zone-d,temperature,24.9
2024-02-21T06:38:00.000Z,zone-a,pressure,993
2024-02-21T06:42:00.000Z,zone-a,temperature,19.5
2024-02-21T11:54:00.000Z,zone-c,light,381.4
2024-02-21T12:25:00.000Z,zone-d,light,708.9
2024-02-21T12:35:00.000Z,zone-b,temperature,19.2
2024-02-21T15:26:00.000Z,zone-c,pressure,1009
2024-02-21T16:23:00.000Z,zone-d,humidity,74.2
2024-02-21T18:14:00.000Z,zone-c,humidity,36.7
2024-02-21T18:50:00.000Z,zone-c,temperature,19.6
2024-02-21T20:11:00.000Z,zone-a,light,182.2
2024-02-21T20:59:00.000Z,zone-c,humidity,32.7
2024-02-21T23:54:00.000Z,zone-c,pressure,1016.1
2024-02-22T00:35:00.000Z,zone-b,humidity,34.3
2024-02-22T02:28:00.000Z,zone-c,light,611.1
2024-02-22T03:49:00.000Z,zone-d,pressure,1010.3
2024-02-22T05:13:00.000Z,zone-d,temperature,31.6
2024-02-22T08:30:00.000Z,zone-b,light,399.6
2024-02-22T09:49:00.000Z,zone-b,pressure,1004.8
2024-02-22T10:21:00.000Z,zone-a,pressure,998.1
2024-02-22T12:12:00.000Z,zone-d,light,541.1
2024-02-22T12:15:00.000Z,zone-a,humidity,35.1
2024-02-22T12:25:00.000Z,zone-d,humidity,56.9
2024-02-22T14:26:00.000Z,zone-a,temperature,33
2024-02-22T14:36:00.000Z,zone-b,temperature,34.2
2024-02-22T20:23:00.000Z,zone-d,light,705
2024-02-22T22:14:00.000Z,zone-c,pressure,991.6
2024-02-22T23:25:00.000Z,zone-c,humidity,33.3
2024-02-23T00:23:00.000Z,zone-b,humidity,76.4
2024-02-23T00:49:00.000Z,zone-c,temperature,25.2
2024-02-23T01:01:00.000Z,zone-a,temperature,17.9
2024-02-23T01:03:00.000Z,zone-b,temperature,18.1
2024-02-23T02:36:00.000Z,zone-a,pressure,993.4
2024-02-23T03:11:00.000Z,zone-a,humidity,79
2024-02-23T03:33:00.000Z,zone-a,light,355.4
2024-02-23T07:35:00.000Z,zone-c,light,699.9
2024-02-23T09:46:00.000Z,zone-d,pressure,997.3
2024-02-23T09:51:00.000Z,zone-d,humidity,75.6
2024-02-23T11:40:00.000Z,zone-b,pressure,1005.7
2024-02-23T15:06:00.000Z,zone-b,light,338.9
2024-02-23T17:02:00.000Z,zone-d,temperature,23.8
2024-02-23T18:53:00.000Z,zone-c,temperature,21.5
2024-02-24T00:52:00.000Z,zone-a,temperature,29.7
2024-02-24T01:12:00.000Z,zone-b,humidity,67.1
2024-02-24T01:46:00.000Z,zone-b,temperature,22.2
2024-02-24T02:33:00.000Z,zone-b,pressure,1017.7
2024-02-24T03:06:00.000Z,zone-d,pressure,1010.6
2024-02-24T05:16:00.000Z,zone-c,pressure,1002.1
2024-02-24T05:25:00.000Z,zone-a,light,834.5
2024-02-24T05:26:00.000Z,zone-a,pressure,998.3
2024-02-24T06:01:00.000Z,zone-c,humidity,36.8
2024-02-24T08:17:00.000Z,zone-c,light,896.8
2024-02-24T11:43:00.000Z,zone-a,humidity,37.1
2024-02-24T12:07:00.000Z,zone-d,light,100.9
2024-02-24T15:15:00.000Z,zone-d,temperature,24.9
2024-02-24T15:24:00.000Z,zone-b,light,438.1
2024-02-24T16:34:00.000Z,zone-d,humidity,55.2
2024-02-24T19:29:00.000Z,zone-a,humidity,58.7
2024-02-24T20:00:00.000Z,zone-b,temperature,31.9
2024-02-24T21:30:00.000Z,zone-b,pressure,993.9
2024-02-25T02:59:00.000Z,zone-c,temperature,26.1
2024-02-25T06:54:00.000Z,zone-d,humidity,76.3
2024-02-25T07:11:00.000Z,zone-d,pressure,1018
2024-02-25T07:15:00.000Z,zone-a,pressure,1000.1
2024-02-25T07:47:00.000Z,zone-c,pressure,1015.7
2024-02-25T08:49:00.000Z,zone-d,temperature,18.4
2024-02-25T08:50:00.000Z,zone-a,temperature,18
2024-02-25T09:31:00.000Z,zone-c,light,538.7
2024-02-25T10:35:00.000Z,zone-b,humidity,47.5
2024-02-25T14:46:00.000Z,zone-d,light,244.2
2024-02-25T16:28:00.000Z,zone-c,humidity,43.4
2024-02-25T16:48:00.000Z,zone-a,light,358.7
2024-02-25T17:43:00.000Z,zone-b,light,437.8
2024-02-25T19:53:00.000Z,zone-d,humidity,66
2024-02-25T21:18:00.000Z,zone-a,temperature,19.7
2024-02-25T23:23:00.000Z,zone-d,temperature,17.1
2024-02-26T00:08:00.000Z,zone-a,pressure,1013.7
2024-02-26T01:28:00.000Z,zone-b,light,899.2
2024-02-26T04:14:00.000Z,zone-a,light,207.6
2024-02-26T05:14:00.000Z,zone-c,pressure,1001.9
2024-02-26T07:14:00.000Z,zone-d,pressure,1006
2024-02-26T07:31:00.000Z,zone-d,light,780.8
2024-02-26T07:47:00.000Z,zone-b,temperature,18
2024-02-26T08:07:00.000Z,zone-c,temperature,21.5
2024-02-26T10:01:00.000Z,zone-c,light,432.4
2024-02-26T10:29:00.000Z,zone-c,humidity,51
2024-02-26T13:58:00.000Z,zone-a,humidity,46.7
2024-02-26T14:52:00.000Z,zone-b,humidity,39.2
2024-02-26T16:35:00.000Z,zone-b,pressure,1014.9
2024-02-26T18:54:00.000Z,zone-a,temperature,23.9
2024-02-26T20:11:00.000Z,zone-c,pressure,999.6
2024-02-26T20:27:00.000Z,zone-b,temperature,24.6
2024-02-26T22:43:00.000Z,zone-b,light,566.9
2024-02-26T23:00:00.000Z,zone-d,light,393.2
2024-02-26T23:14:00.000Z,zone-a,humidity,50.3
2024-02-26T23:24:00.000Z,zone-b,humidity,68.4
2024-02-27T00:29:00.000Z,zone-a,light,485.5
2024-02-27T00:30:00.000Z,zone-c,humidity,63.2
2024-02-27T00:44:00.000Z,zone-d,humidity,55.4
2024-02-27T04:14:00.000Z,zone-c,temperature,29.7
2024-02-27T04:16:00.000Z,zone-a,pressure,991.7
2024-02-27T05:08:00.000Z,zone-c,light,653.4
2024-02-27T10:30:00.000Z,zone-d,temperature,24.9
2024-02-27T13:39:00.000Z,zone-d,pressure,1005.9
2024-02-27T17:13:00.000Z,zone-b,pressure,1014.5
2024-02-27T20:53:00.000Z,zone-b,light,796.8
2024-02-27T21:27:00.000Z,zone-c,pressure,993.7
2024-02-27T22:38:00.000Z,zone-a,light,385.5
2024-02-27T23:37:00.000Z,zone-c,humidity,64.7
2024-02-28T01:20:00.000Z,zone-c,light,267.7
2024-02-28T09:41:00.000Z,zone-c,temperature,18.7
2024-02-28T10:20:00.000Z,zone-b,pressure,1008.1
2024-02-28T10:46:00.000Z,zone-d,temperature,20.1
2024-02-28T12:35:00.000Z,zone-a,temperature,23.8
2024-02-28T13:03:00.000Z,zone-b,humidity,37.6
2024-02-28T13:39:00.000Z,zone-b,temperature,31.6
2024-02-28T14:56:00.000Z,zone-a,humidity,34.8
2024-02-28T15:28:00.000Z,zone-a,pressure,991.1
2024-02-28T16:04:00.000Z,zone-d,light,609
2024-02-28T16:48:00.000Z,zone-d,pressure,1015.7
2024-02-28T17:09:00.000Z,zone-d,humidity,66.5
2024-02-28T19:19:00.000Z,zone-a,pressure,1009.2
2024-02-28T19:36:00.000Z,zone-c,pressure,1012.8
2024-02-28T21:19:00.000Z,zone-d,light,322.1
2024-02-28T21:38:00.000Z,zone-d,humidity,47.3
2024-02-28T22:41:00.000Z,zone-b,pressure,1004.4
2024-02-29T01:34:00.000Z,zone-b,humidity,56.5
2024-02-29T02:11:00.000Z,zone-c,temperature,29.7
2024-02-29T02:27:00.000Z,zone-d,pressure,1014.6
2024-02-29T04:58:00.000Z,zone-d,temperature,28.7
2024-02-29T06:09:00.000Z,zone-c,humidity,48.2
2024-02-29T11:05:00.000Z,zone-a,light,309.2
2024-02-29T13:15:00.000Z,zone-b,temperature,33.1
2024-02-29T15:59:00.000Z,zone-b,light,859.8
2024-02-29T15:59:00.000Z,zone-c,light,597.9
2024-02-29T18:02:00.000Z,zone-a,temperature,27.9
2024-02-29T18:17:00.000Z,zone-a,humidity,31.7
2024-02-29T20:52:00.000Z,zone-c,humidity,55.1
2024-02-29T23:05:00.000Z,zone-b,light,444.7
2024-03-01T01:21:00.000Z,zone-c,pressure,996.3
2024-03-01T02:37:00.000Z,zone-d,light,790.5
2024-03-01T03:15:00.000Z,zone-d,pressure,1018.1
2024-03-01T04:40:00.000Z,zone-a,temperature,21.7
2024-03-01T09:36:00.000Z,zone-a,pressure,1000.9
2024-03-01T10:13:00.000Z,zone-b,humidity,54.5
2024-03-01T11:00:00.000Z,zone-b,temperature,23.6
2024-03-01T11:27:00.000Z,zone-d,temperature,29.8
2024-03-01T11:28:00.000Z,zone-a,light,109.9
2024-03-01T14:11:00.000Z,zone-a,humidity,40.1
2024-03-01T14:31:00.000Z,zone-d,humidity,76.1
2024-03-01T15:01:00.000Z,zone-b,pressure,1009
2024-03-01T16:00:00.000Z,zone-c,temperature,30.4
2024-03-01T18:07:00.000Z,zone-c,light,597.1
2024-03-01T18:40:00.000Z,zone-d,light,190.3
2024-03-01T20:33:00.000Z,zone-a,humidity,71.8
2024-03-01T21:25:00.000Z,zone-c,temperature,23.1
2024-03-01T22:08:00.000Z,zone-a,pressure,997.1
2024-03-01T22:45:00.000Z,zone-d,humidity,38.8
2024-03-02T02:09:00.000Z,zone-d,pressure,1006.1
2024-03-02T06:20:00.000Z,zone-d,temperature,16.7
2024-03-02T06:45:00.000Z,zone-a,temperature,18.5
2024-03-02T07:39:00.000Z,zone-c,humidity,43.8
2024-03-02T08:59:00.000Z,zone-c,pressure,1009.6
2024-03-02T11:35:00.000Z,zone-b,humidity,42.5
2024-03-02T13:45:00.000Z,zone-b,light,708.3
2024-03-02T14:06:00.000Z,zone-b,temperature,18.8
2024-03-02T14:41:00.000Z,zone-b,pressure,1003.5
2024-03-02T14:52:00.000Z,zone-c,light,420.4
2024-03-02T15:32:00.000Z,zone-a,light,439.6
2024-03-02T21:24:00.000Z,zone-d,light,490.7
2024-03-02T21:44:00.000Z,zone-b,temperature,27.6
2024-03-02T22:28:00.000Z,zone-b,humidity,43.6
2024-03-03T03:39:00.000Z,zone-d,pressure,1007.1
2024-03-03T04:00:00.000Z,zone-a,pressure,1013.5
2024-03-03T04:55:00.000Z,zone-d,temperature,34
2024-03-03T05:17:00.000Z,zone-c,pressure,1011.7
2024-03-03T06:47:00.000Z,zone-a,temperature,23.3
2024-03-03T07:57:00.000Z,zone-d,humidity,31.3
2024-03-03T09:23:00.000Z,zone-c,light,150.2
2024-03-03T11:21:00.000Z,zone-b,pressure,994.6
2024-03-03T12:27:00.000Z,zone-c,humidity,58.9
2024-03-03T17:14:00.000Z,zone-a,humidity,66.4
2024-03-03T17:20:00.000Z,zone-b,light,815.7
2024-03-03T17:40:00.000Z,zone-a,light,835.8
2024-03-03T17:53:00.000Z,zone-c,temperature,27.8
2024-03-03T20:23:00.000Z,zone-a,light,671.9
2024-03-03T22:18:00.000Z,zone-a,temperature,34.7
2024-03-03T22:52:00.000Z,zone-d,temperature,18.1
2024-03-03T23:49:00.000Z,zone-d,light,360.2
2024-03-03T23:54:00.000Z,zone-d,humidity,48.2
2024-03-04T01:46:00.000Z,zone-c,humidity,66.2
2024-03-04T01:58:00.000Z,zone-a,humidity,47.5
2024-03-04T03:53:00.000Z,zone-b,light,893.6
2024-03-04T04:10:00.000Z,zone-c,pressure,999
2024-03-04T07:59:00.000Z,zone-c,light,617.8
2024-03-04T08:01:00.000Z,zone-b,pressure,1013.6
2024-03-04T08:24:00.000Z,zone-a,pressure,1008.7
2024-03-04T10:05:00.000Z,zone-d,pressure,1016.6
2024-03-04T10:18:00.000Z,zone-b,temperature,20.4
2024-03-04T15:13:00.000Z,zone-b,humidity,75.3
2024-03-04T15:16:00.000Z,zone-c,temperature,20.1
2024-03-04T18:53:00.000Z,zone-a,light,797
2024-03-04T18:59:00.000Z,zone-a,pressure,990.3
2024-03-04T19:49:00.000Z,zone-b,temperature,32.1
2024-03-04T20:47:00.000Z,zone-b,humidity,65.5
2024-03-04T20:58:00.000Z,zone-b,pressure,999.4
2024-03-05T00:18:00.000Z,zone-d,light,764.6
2024-03-05T01:02:00.000Z,zone-c,light,581.5
2024-03-05T02:01:00.000Z,zone-d,temperature,34.3
2024-03-05T03:18:00.000Z,zone-c,humidity,34.1
2024-03-05T06:39:00.000Z,zone-c,pressure,1013.1
2024-03-05T07:17:00.000Z,zone-a,temperature,30.8
2024-03-05T08:46:00.000Z,zone-d,pressure,1012.8
2024-03-05T09:42:00.000Z,zone-c,temperature,34.6
2024-03-05T10:31:00.000Z,zone-a,humidity,74.1
2024-03-05T11:24:00.000Z,zone-b,light,701.5
2024-03-05T16:02:00.000Z,zone-d,humidity,64.1
2024-03-05T20:15:00.000Z,zone-a,light,662.1
2024-03-05T21:16:00.000Z,zone-d,humidity,39.6
2024-03-05T23:02:00.000Z,zone-a,pressure,1015.4
2024-03-06T01:31:00.000Z,zone-a,temperature,24.7
2024-03-06T04:57:00.000Z,zone-d,light,153.2
2024-03-06T05:40:00.000Z,zone-a,humidity,63.4
2024-03-06T08:48:00.000Z,zone-c,light,808.3
2024-03-06T09:30:00.000Z,zone-b,pressure,1004.5
2024-03-06T09:58:00.000Z,zone-b,humidity,52.6
2024-03-06T11:32:00.000Z,zone-d,pressure,1012.2
2024-03-06T12:05:00.000Z,zone-b,light,556.8
2024-03-06T12:44:00.000Z,zone-c,temperature,17.1
2024-03-06T14:34:00.000Z,zone-c,pressure,1011
2024-03-06T14:45:00.000Z,zone-d,temperature,23.7
2024-03-06T15:00:00.000Z,zone-b,temperature,34.8
2024-03-06T15:38:00.000Z,zone-c,humidity,33.7
2024-03-06T18:31:00.000Z,zone-d,light,169.6
2024-03-06T18:46:00.000Z,zone-c,light,322
2024-03-06T19:28:00.000Z,zone-b,temperature,24.9
2024-03-07T00:04:00.000Z,zone-d,pressure,1017.7
2024-03-07T01:12:00.000Z,zone-b,light,628.5
2024-03-07T01:49:00.000Z,zone-c,pressure,1017
2024-03-07T03:33:00.000Z,zone-c,humidity,43.1
2024-03-07T03:40:00.000Z,zone-a,humidity,62.9
2024-03-07T03:52:00.000Z,zone-c,temperature,21.9
2024-03-07T04:42:00.000Z,zone-b,pressure,1002.3
2024-03-07T06:13:00.000Z,zone-b,humidity,58.7
2024-03-07T07:14:00.000Z,zone-d,temperature,27.5
2024-03-07T07:19:00.000Z,zone-a,light,252.6
2024-03-07T08:29:00.000Z,zone-d,humidity,70.1
2024-03-07T12:43:00.000Z,zone-a,pressure,1016.8
2024-03-07T13:54:00.000Z,zone-a,temperature,15.5
2024-03-07T18:36:00.000Z,zone-c,humidity,43.6
2024-03-07T22:21:00.000Z,zone-c,light,569.1
2024-03-08T00:15:00.000Z,zone-d,humidity,76.2
2024-03-08T01:43:00.000Z,zone-a,pressure,1019.8
2024-03-08T02:20:00.000Z,zone-a,temperature,29.3
2024-03-08T03:19:00.000Z,zone-b,light,838.6
2024-03-08T04:33:00.000Z,zone-d,temperature,15.4
2024-03-08T08:44:00.000Z,zone-c,temperature,34.6
2024-03-08T08:47:00.000Z,zone-a,humidity,51.4
2024-03-08T10:01:00.000Z,zone-c,pressure,994.7
2024-03-08T10:36:00.000Z,zone-b,pressure,1018
2024-03-08T12:15:00.000Z,zone-d,light,457.4
2024-03-08T12:27:00.000Z,zone-a,light,712.2
2024-03-08T13:12:00.000Z,zone-b,temperature,19.4
2024-03-08T13:19:00.000Z,zone-d,pressure,1007.3
2024-03-08T15:10:00.000Z,zone-b,humidity,33.8
2024-03-08T19:41:00.000Z,zone-b,light,572.8
2024-03-08T19:46:00.000Z,zone-b,pressure,991.8
2024-03-08T20:21:00.000Z,zone-b,humidity,50.9
2024-03-08T23:44:00.000Z,zone-a,humidity,64.8
2024-03-08T23:46:00.000Z,zone-d,light,492.8
2024-03-09T00:03:00.000Z,zone-d,temperature,32.9
2024-03-09T02:13:00.000Z,zone-c,humidity,67.1
2024-03-09T02:44:00.000Z,zone-a,pressure,994.5
2024-03-09T11:01:00.000Z,zone-d,humidity,75.8
2024-03-09T11:17:00.000Z,zone-c,pressure,1000.7
2024-03-09T11:31:00.000Z,zone-c,temperature,28.3
2024-03-09T13:32:00.000Z,zone-d,pressure,991
2024-03-09T15:17:00.000Z,zone-c,light,305
2024-03-09T16:38:00.000Z,zone-a,light,436.7
2024-03-09T17:25:00.000Z,zone-b,temperature,19.4
2024-03-09T18:01:00.000Z,zone-a,temperature,17.9
2024-03-09T20:47:00.000Z,zone-d,temperature,27.2
2024-03-09T20:53:00.000Z,zone-b,light,697.2
2024-03-10T01:33:00.000Z,zone-b,humidity,40.2
2024-03-10T03:13:00.000Z,zone-c,pressure,1004.6
2024-03-10T04:14:00.000Z,zone-d,pressure,1013.2
2024-03-10T05:17:00.000Z,zone-c,light,241.6
2024-03-10T07:10:00.000Z,zone-d,light,200.3
2024-03-10T07:12:00.000Z,zone-a,temperature,19.2
2024-03-10T07:25:00.000Z,zone-c,humidity,36.4
2024-03-10T11:56:00.000Z,zone-b,pressure,1011.3
2024-03-10T13:19:00.000Z,zone-a,pressure,993.6
2024-03-10T13:20:00.000Z,zone-b,temperature,29.1
2024-03-10T15:02:00.000Z,zone-a,humidity,69.2
2024-03-10T17:08:00.000Z,zone-d,humidity,30.6
2024-03-10T17:11:00.000Z,zone-c,temperature,19.5
2024-03-10T17:19:00.000Z,zone-a,light,449.2
2024-03-10T21:02:00.000Z,zone-d,humidity,52.5
2024-03-10T21:12:00.000Z,zone-c,temperature,26.4
2024-03-10T21:18:00.000Z,zone-a,temperature,20.7
2024-03-10T22:52:00.000Z,zone-c,pressure,1014.5
2024-03-11T00:10:00.000Z,zone-a,humidity,50.2
2024-03-11T00:32:00.000Z,zone-b,light,347.9
2024-03-11T00:49:00.000Z,zone-d,light,862.2
2024-03-11T02:28:00.000Z,zone-b,temperature,23
2024-03-11T02:32:00.000Z,zone-b,humidity,57.5
2024-03-11T02:45:00.000Z,zone-a,light,610.4
2024-03-11T05:19:00.000Z,zone-d,temperature,34.6
2024-03-11T09:19:00.000Z,zone-a,pressure,991
2024-03-11T09:48:00.000Z,zone-d,pressure,1001.8
2024-03-11T12:29:00.000Z,zone-c,light,274.1
2024-03-11T14:09:00.000Z,zone-c,humidity,47.6
2024-03-11T15:39:00.000Z,zone-b,pressure,1003.6
2024-03-11T19:28:00.000Z,zone-c,light,748.9
2024-03-11T20:55:00.000Z,zone-d,temperature,26.5
2024-03-11T21:17:00.000Z,zone-a,light,380.3
2024-03-11T22:19:00.000Z,zone-a,pressure,1010.1
2024-03-11T22:51:00.000Z,zone-b,pressure,993.1
2024-03-12T00:51:00.000Z,zone-c,humidity,36.5
2024-03-12T01:21:00.000Z,zone-d,humidity,63.5
2024-03-12T01:54:00.000Z,zone-d,light,249.9
2024-03-12T01:55:00.000Z,zone-a,humidity,55.8
2024-03-12T05:33:00.000Z,zone-c,pressure,1017.3
2024-03-12T07:26:00.000Z,zone-b,temperature,34.8
2024-03-12T09:54:00.000Z,zone-b,humidity,33.1
2024-03-12T11:47:00.000Z,zone-c,temperature,24.1
2024-03-12T16:00:00.000Z,zone-b,light,490.9
2024-03-12T17:22:00.000Z,zone-a,temperature,18.5
2024-03-12T17:40:00.000Z,zone-d,pressure,1017.4
2024-03-12T20:34:00.000Z,zone-d,humidity,31.4
2024-03-12T23:23:00.000Z,zone-a,temperature,22.2
2024-03-13T01:18:00.000Z,zone-b,light,280.7
2024-03-13T01:31:00.000Z,zone-d,temperature,16.8
2024-03-13T02:53:00.000Z,zone-c,pressure,998.3
2024-03-13T03:15:00.000Z,zone-d,pressure,992.4
2024-03-13T05:35:00.000Z,zone-c,light,260.6
2024-03-13T07:15:00.000Z,zone-c,humidity,70.9
2024-03-13T09:51:00.000Z,zone-d,light,421.4
2024-03-13T10:12:00.000Z,zone-a,light,283.9
2024-03-13T10:23:00.000Z,zone-c,temperature,34.6
2024-03-13T13:59:00.000Z,zone-b,pressure,1004.9
2024-03-13T14:39:00.000Z,zone-a,humidity,57.7
2024-03-13T16:21:00.000Z,zone-a,pressure,1018.4
2024-03-13T18:12:00.000Z,zone-b,humidity,70
2024-03-13T18:16:00.000Z,zone-b,temperature,31.4
2024-03-13T19:10:00.000Z,zone-d,temperature,22.7
2024-03-13T20:14:00.000Z,zone-d,humidity,53.9
2024-03-13T20:50:00.000Z,zone-d,light,496.1
2024-03-13T21:07:00.000Z,zone-b,light,518.7
2024-03-13T21:39:00.000Z,zone-d,pressure,1014.6
2024-03-13T23:05:00.000Z,zone-a,temperature,26.8
2024-03-14T01:28:00.000Z,zone-b,humidity,64
2024-03-14T08:44:00.000Z,zone-a,light,402.9
2024-03-14T09:33:00.000Z,zone-b,pressure,1002.4
2024-03-14T12:36:00.000Z,zone-c,pressure,1008.3
2024-03-14T14:15:00.000Z,zone-c,light,438.7
2024-03-14T14:34:00.000Z,zone-a,pressure,1009
2024-03-14T15:32:00.000Z,zone-c,temperature,32
2024-03-14T15:43:00.000Z,zone-c,humidity,42.2
2024-03-14T17:11:00.000Z,zone-a,humidity,42.8
2024-03-14T18:10:00.000Z,zone-b,temperature,21.9
2024-03-14T22:18:00.000Z,zone-d,light,643
2024-03-14T23:34:00.000Z,zone-c,humidity,67.5
2024-03-15T02:03:00.000Z,zone-b,pressure,993.7
2024-03-15T02:07:00.000Z,zone-a,light,138.2
2024-03-15T03:59:00.000Z,zone-a,humidity,74.8
2024-03-15T05:14:00.000Z,zone-b,humidity,53.1
2024-03-15T05:45:00.000Z,zone-c,temperature,30.2
2024-03-15T06:05:00.000Z,zone-d,pressure,1003.5
2024-03-15T10:07:00.000Z,zone-a,pressure,997.4
2024-03-15T10:28:00.000Z,zone-c,light,731.5
2024-03-15T10:35:00.000Z,zone-c,pressure,1012.5
2024-03-15T13:25:00.000Z,zone-a,temperature,19.6
2024-03-15T14:25:00.000Z,zone-d,humidity,40.6
2024-03-15T14:51:00.000Z,zone-d,temperature,20.3
2024-03-15T16:56:00.000Z,zone-b,light,748.4
2024-03-15T17:59:00.000Z,zone-b,temperature,22.3
2024-03-15T18:37:00.000Z,zone-d,humidity,53.4
2024-03-15T20:43:00.000Z,zone-c,light,856.4
2024-03-15T21:08:00.000Z,zone-a,humidity,49.8
2024-03-16T01:29:00.000Z,zone-a,temperature,30.7
2024-03-16T01:40:00.000Z,zone-a,pressure,1004.4
2024-03-16T03:22:00.000Z,zone-c,temperature,16.9
2024-03-16T04:40:00.000Z,zone-b,temperature,17
2024-03-16T04:51:00.000Z,zone-a,light,461.7
2024-03-16T07:53:00.000Z,zone-b,humidity,75.5
2024-03-16T09:33:00.000Z,zone-c,humidity,79.3
2024-03-16T10:45:00.000Z,zone-d,light,652.3
2024-03-16T12:57:00.000Z,zone-c,pressure,990.6
2024-03-16T13:08:00.000Z,zone-b,light,205.6
2024-03-16T17:20:00.000Z,zone-d,pressure,993.3
2024-03-16T17:25:00.000Z,zone-b,pressure,1014.9
2024-03-16T17:52:00.000Z,zone-d,temperature,25.8
2024-03-16T19:57:00.000Z,zone-b,temperature,34.9
2024-03-16T20:11:00.000Z,zone-b,pressure,1005.2
2024-03-16T23:27:00.000Z,zone-d,humidity,30.8
2024-03-17T02:33:00.000Z,zone-c,temperature,31.6
2024-03-17T04:09:00.000Z,zone-a,temperature,34.3
2024-03-17T04:33:00.000Z,zone-d,pressure,1013.8
2024-03-17T07:30:00.000Z,zone-a,light,188.3
2024-03-17T07:58:00.000Z,zone-b,light,722.2
2024-03-17T08:12:00.000Z,zone-c,light,706.1
2024-03-17T08:21:00.000Z,zone-a,pressure,1011.9
2024-03-17T09:12:00.000Z,zone-c,humidity,38.7
2024-03-17T09:33:00.000Z,zone-b,humidity,75.4
2024-03-17T11:07:00.000Z,zone-a,humidity,71.4
2024-03-17T14:48:00.000Z,zone-c,pressure,1015.1
2024-03-17T15:01:00.000Z,zone-d,light,869.9
2024-03-17T16:34:00.000Z,zone-d,temperature,16.2
2024-03-17T18:48:00.000Z,zone-d,light,363.2
2024-03-17T21:35:00.000Z,zone-a,humidity,39.9
2024-03-17T23:12:00.000Z,zone-a,pressure,1004.3
2024-03-17T23:17:00.000Z,zone-d,temperature,23.6
2024-03-18T01:16:00.000Z,zone-c,light,323.8
2024-03-18T01:54:00.000Z,zone-d,humidity,68.2
2024-03-18T02:26:00.000Z,zone-c,humidity,43
2024-03-18T02:38:00.000Z,zone-a,light,745
2024-03-18T04:05:00.000Z,zone-c,temperature,33.6
2024-03-18T04:51:00.000Z,zone-b,pressure,998.6
2024-03-18T06:45:00.000Z,zone-d,pressure,997.8
2024-03-18T09:15:00.000Z,zone-b,temperature,16
2024-03-18T09:35:00.000Z,zone-c,pressure,1003.2
2024-03-18T11:51:00.000Z,zone-b,light,371.6
2024-03-18T13:59:00.000Z,zone-a,temperature,21
2024-03-18T14:38:00.000Z,zone-b,humidity,73.5
2024-03-18T19:23:00.000Z,zone-d,pressure,993.2
2024-03-18T20:54:00.000Z,zone-c,humidity,39.5
2024-03-18T21:08:00.000Z,zone-b,light,381.8
2024-03-18T21:32:00.000Z,zone-a,humidity,31.6
2024-03-18T21:55:00.000Z,zone-b,humidity,30.4
2024-03-18T22:53:00.000Z,zone-d,temperature,29.8
2024-03-19T00:45:00.000Z,zone-a,temperature,19.3
2024-03-19T01:00:00.000Z,zone-b,temperature,29.2
2024-03-19T02:58:00.000Z,zone-c,pressure,990.3
2024-03-19T04:38:00.000Z,zone-a,light,599.6
2024-03-19T08:39:00.000Z,zone-c,light,351.6
2024-03-19T09:34:00.000Z,zone-d,humidity,70.1
2024-03-19T11:12:00.000Z,zone-a,pressure,1010.9
2024-03-19T12:05:00.000Z,zone-b,pressure,1013.2
2024-03-19T16:04:00.000Z,zone-c,temperature,16.6
2024-03-19T16:36:00.000Z,zone-d,light,436.3
2024-03-19T20:02:00.000Z,zone-b,temperature,26.5
2024-03-19T20:18:00.000Z,zone-c,pressure,999.7
2024-03-19T20:25:00.000Z,zone-b,humidity,38.1
2024-03-19T20:50:00.000Z,zone-d,light,493.7
2024-03-19T21:18:00.000Z,zone-a,humidity,67.3
2024-03-19T23:35:00.000Z,zone-b,light,357.9
2024-03-20T01:33:00.000Z,zone-d,temperature,19.6
2024-03-20T03:51:00.000Z,zone-d,pressure,993.2
2024-03-20T04:54:00.000Z,zone-c,light,138.8
2024-03-20T05:55:00.000Z,zone-a,pressure,1018.3
2024-03-20T06:17:00.000Z,zone-b,pressure,1018.9
2024-03-20T09:27:00.000Z,zone-a,temperature,27.2
2024-03-20T10:12:00.000Z,zone-a,light,387.9
2024-03-20T10:44:00.000Z,zone-c,humidity,41.5
2024-03-20T10:47:00.000Z,zone-c,temperature,21.7
2024-03-20T11:41:00.000Z,zone-d,humidity,78.1
2024-03-20T19:23:00.000Z,zone-b,humidity,59.9
2024-03-20T21:05:00.000Z,zone-a,temperature,24.3
2024-03-20T21:59:00.000Z,zone-b,pressure,1001.8
2024-03-20T22:58:00.000Z,zone-d,light,853.5
2024-03-21T00:08:00.000Z,zone-b,temperature,31.5
2024-03-21T00:30:00.000Z,zone-b,light,287
2024-03-21T02:14:00.000Z,zone-a,pressure,996.2
2024-03-21T03:06:00.000Z,zone-c,light,368.2
2024-03-21T08:38:00.000Z,zone-a,humidity,43.3
2024-03-21T10:11:00.000Z,zone-c,humidity,68
2024-03-21T11:05:00.000Z,zone-a,light,545
2024-03-21T11:24:00.000Z,zone-c,temperature,20.4
2024-03-21T12:31:00.000Z,zone-d,temperature,24.1
2024-03-21T13:00:00.000Z,zone-c,pressure,1004.4
2024-03-21T15:29:00.000Z,zone-d,pressure,998.3
2024-03-21T16:04:00.000Z,zone-d,humidity,76.9
2024-03-21T19:54:00.000Z,zone-d,temperature,28.1
2024-03-21T21:04:00.000Z,zone-c,temperature,29.1
2024-03-21T21:15:00.000Z,zone-b,temperature,22.1
2024-03-21T21:30:00.000Z,zone-c,light,516
2024-03-21T21:49:00.000Z,zone-c,pressure,1005.3
2024-03-22T03:04:00.000Z,zone-b,light,797.3
2024-03-22T03:25:00.000Z,zone-c,humidity,43
2024-03-22T04:34:00.000Z,zone-b,pressure,1000.9
2024-03-22T05:10:00.000Z,zone-d,pressure,1005.8
2024-03-22T10:57:00.000Z,zone-a,humidity,77.9
2024-03-22T11:01:00.000Z,zone-a,pressure,1001.5
2024-03-22T12:19:00.000Z,zone-b,humidity,51.7
2024-03-22T12:43:00.000Z,zone-a,light,111.6
2024-03-22T13:22:00.000Z,zone-a,temperature,22.7
2024-03-22T18:10:00.000Z,zone-d,light,840.5
2024-03-22T18:14:00.000Z,zone-d,humidity,65
2024-03-22T20:57:00.000Z,zone-a,pressure,1005.8
2024-03-22T21:21:00.000Z,zone-a,light,444.9
2024-03-22T22:53:00.000Z,zone-c,pressure,1017.4
2024-03-22T23:07:00.000Z,zone-d,light,146.6
2024-03-23T00:42:00.000Z,zone-d,pressure,1006.6
2024-03-23T02:00:00.000Z,zone-b,light,859.9
2024-03-23T02:34:00.000Z,zone-d,humidity,79.3
2024-03-23T04:47:00.000Z,zone-c,temperature,26.7
2024-03-23T05:59:00.000Z,zone-a,temperature,19.9
2024-03-23T06:12:00.000Z,zone-d,temperature,24
2024-03-23T07:32:00.000Z,zone-b,humidity,40.4
2024-03-23T09:04:00.000Z,zone-c,light,473.6
2024-03-23T13:18:00.000Z,zone-a,humidity,75.1
2024-03-23T13:57:00.000Z,zone-b,temperature,27.8
2024-03-23T15:10:00.000Z,zone-c,humidity,40
2024-03-23T15:25:00.000Z,zone-b,pressure,1001.6
2024-03-24T01:13:00.000Z,zone-a,temperature,33.2
2024-03-24T01:38:00.000Z,zone-d,temperature,27.5
2024-03-24T01:48:00.000Z,zone-b,light,346.2
2024-03-24T02:36:00.000Z,zone-c,pressure,1009.6
2024-03-24T03:25:00.000Z,zone-c,temperature,25.7
2024-03-24T04:32:00.000Z,zone-b,humidity,66
2024-03-24T04:35:00.000Z,zone-c,humidity,40.7
2024-03-24T08:33:00.000Z,zone-b,pressure,991.7
2024-03-24T08:35:00.000Z,zone-d,humidity,40.3
2024-03-24T09:25:00.000Z,zone-a,humidity,39.1
2024-03-24T09:38:00.000Z,zone-d,light,483.4
2024-03-24T10:58:00.000Z,zone-a,pressure,1016
2024-03-24T12:39:00.000Z,zone-d,pressure,991.1
2024-03-24T13:31:00.000Z,zone-c,light,778.3
2024-03-24T14:03:00.000Z,zone-b,temperature,23.4
2024-03-24T16:00:00.000Z,zone-a,light,749.3
2024-03-24T19:48:00.000Z,zone-d,temperature,35
2024-03-24T20:29:00.000Z,zone-c,pressure,998.6
2024-03-24T21:43:00.000Z,zone-b,light,463.8
2024-03-24T22:29:00.000Z,zone-a,light,217
2024-03-24T23:00:00.000Z,zone-d,light,615.3
2024-03-24T23:13:00.000Z,zone-b,pressure,1006.2
2024-03-24T23:39:00.000Z,zone-b,humidity,79.5
2024-03-25T00:48:00.000Z,zone-d,humidity,67.2
2024-03-25T04:21:00.000Z,zone-c,light,183.7
2024-03-25T04:49:00.000Z,zone-c,humidity,65.2
2024-03-25T05:43:00.000Z,zone-a,temperature,28.2
2024-03-25T13:53:00.000Z,zone-b,temperature,26.5
2024-03-25T15:24:00.000Z,zone-a,pressure,999.9
2024-03-25T17:37:00.000Z,zone-c,temperature,31
2024-03-25T17:40:00.000Z,zone-d,pressure,994.3
2024-03-25T18:11:00.000Z,zone-a,humidity,36.1
2024-03-25T20:02:00.000Z,zone-d,humidity,52.1
2024-03-25T20:58:00.000Z,zone-d,temperature,17.5
2024-03-25T23:58:00.000Z,zone-c,light,252.3
2024-03-26T00:41:00.000Z,zone-a,humidity,77.8
2024-03-26T01:51:00.000Z,zone-b,light,720
2024-03-26T01:53:00.000Z,zone-a,pressure,992.1
2024-03-26T02:23:00.000Z,zone-d,light,156.6
2024-03-26T03:52:00.000Z,zone-a,temperature,34.8
2024-03-26T06:08:00.000Z,zone-b,humidity,42.4
2024-03-26T07:24:00.000Z,zone-b,temperature,19.8
2024-03-26T10:53:00.000Z,zone-c,humidity,62.3
2024-03-26T11:11:00.000Z,zone-c,pressure,1004.7
2024-03-26T12:49:00.000Z,zone-d,pressure,1015.8
2024-03-26T15:43:00.000Z,zone-b,pressure,1000.3
2024-03-26T16:38:00.000Z,zone-a,light,849
2024-03-26T16:39:00.000Z,zone-c,temperature,16.5
2024-03-26T18:35:00.000Z,zone-c,humidity,56.1
2024-03-26T18:38:00.000Z,zone-a,pressure,997.6
2024-03-26T23:13:00.000Z,zone-d,light,286.4
2024-03-26T23:57:00.000Z,zone-b,humidity,35.8
2024-03-27T01:03:00.000Z,zone-d,pressure,1014.2
2024-03-27T03:08:00.000Z,zone-b,temperature,22.5
2024-03-27T03:53:00.000Z,zone-a,light,650.3
2024-03-27T04:04:00.000Z,zone-b,pressure,998
2024-03-27T04:47:00.000Z,zone-a,humidity,49.6
2024-03-27T04:55:00.000Z,zone-b,light,651.6
2024-03-27T07:24:00.000Z,zone-d,humidity,58.6
2024-03-27T09:02:00.000Z,zone-a,temperature,15.7
2024-03-27T12:26:00.000Z,zone-c,pressure,1008.7
2024-03-27T14:45:00.000Z,zone-d,temperature,25.7
2024-03-27T15:02:00.000Z,zone-c,light,382.6
2024-03-27T15:59:00.000Z,zone-c,temperature,17.9
2024-03-27T21:06:00.000Z,zone-d,temperature,21
2024-03-27T21:34:00.000Z,zone-a,humidity,60.7
2024-03-27T22:27:00.000Z,zone-b,humidity,45.8
2024-03-28T00:17:00.000Z,zone-b,pressure,1008.1
2024-03-28T01:34:00.000Z,zone-a,light,853
2024-03-28T05:18:00.000Z,zone-c,pressure,1018.2
2024-03-28T06:40:00.000Z,zone-d,light,424.6
2024-03-28T06:42:00.000Z,zone-b,light,540.2
2024-03-28T06:47:00.000Z,zone-c,light,392.5
2024-03-28T07:33:00.000Z,zone-d,humidity,49.7
2024-03-28T09:03:00.000Z,zone-c,temperature,19.4
2024-03-28T11:04:00.000Z,zone-d,pressure,992.3
2024-03-28T13:00:00.000Z,zone-b,temperature,21.4
2024-03-28T15:08:00.000Z,zone-a,pressure,998.1
2024-03-28T16:36:00.000Z,zone-c,humidity,39.5
2024-03-28T18:25:00.000Z,zone-a,temperature,26.1
2024-03-28T21:45:00.000Z,zone-c,pressure,1016.3
2024-03-28T21:48:00.000Z,zone-d,pressure,992.8
2024-03-28T23:05:00.000Z,zone-b,light,640.2
2024-03-29T00:06:00.000Z,zone-c,light,578.2
2024-03-29T01:11:00.000Z,zone-c,humidity,31.3
2024-03-29T04:12:00.000Z,zone-b,temperature,18.1
2024-03-29T06:34:00.000Z,zone-d,temperature,20.9
2024-03-29T07:10:00.000Z,zone-d,light,546.7
2024-03-29T08:25:00.000Z,zone-a,temperature,18.4
2024-03-29T08:47:00.000Z,zone-a,humidity,65.9
2024-03-29T09:19:00.000Z,zone-b,humidity,38
2024-03-29T11:09:00.000Z,zone-a,light,363.6
2024-03-29T11:32:00.000Z,zone-d,humidity,66.9
2024-03-29T12:45:00.000Z,zone-a,pressure,1005.8
2024-03-29T17:09:00.000Z,zone-b,pressure,995.3
2024-03-29T17:13:00.000Z,zone-c,temperature,31.3
2024-03-29T19:37:00.000Z,zone-d,temperature,27
2024-03-29T20:53:00.000Z,zone-a,pressure,1005.6
2024-03-29T23:28:00.000Z,zone-d,light,596.8
2024-03-30T00:58:00.000Z,zone-b,humidity,49.2
2024-03-30T02:54:00.000Z,zone-a,humidity,38.4
2024-03-30T03:56:00.000Z,zone-c,pressure,999.4
2024-03-30T07:38:00.000Z,zone-a,temperature,22.5
2024-03-30T07:53:00.000Z,zone-b,temperature,29.7
2024-03-30T13:29:00.000Z,zone-c,temperature,26.9
2024-03-30T13:49:00.000Z,zone-c,humidity,43
2024-03-30T14:14:00.000Z,zone-d,humidity,33.5
2024-03-30T14:47:00.000Z,zone-d,pressure,1010
2024-03-30T15:01:00.000Z,zone-b,light,885
2024-03-30T16:27:00.000Z,zone-b,pressure,1016.8
2024-03-30T17:17:00.000Z,zone-c,light,255.8
2024-03-30T18:17:00.000Z,zone-a,light,699.9